,Flow_gpm,Level_in
2020-07-23 00:00:00,0.057,0.2275
2020-07-23 00:15:00,0.2,0.3775
2020-07-23 00:30:00,0.02,0.1475
2020-07-23 00:45:00,0.035,0.1875
2020-07-23 01:00:00,0.009,0.1075
2020-07-23 01:15:00,0.0,0.0275
2020-07-23 01:30:00,0.0,-0.0125
2020-07-23 01:45:00,0.003,0.0675
2020-07-23 02:00:00,0.035,0.1875
2020-07-23 02:15:00,0.003,0.0675
2020-07-23 02:30:00,0.003,0.0675
2020-07-23 02:45:00,0.0,0.0275
2020-07-23 03:00:00,0.0,-0.0125
2020-07-23 03:15:00,0.0,-0.0125
2020-07-23 03:30:00,0.0,-0.0525
2020-07-23 03:45:00,0.0,-0.0525
2020-07-23 04:00:00,0.0,-0.0925
2020-07-23 04:15:00,0.0,-0.0525
2020-07-23 04:30:00,0.0,-0.0525
2020-07-23 04:45:00,0.0,-0.0125
2020-07-23 05:00:00,0.0,-0.0125
2020-07-23 05:15:00,0.003,0.0675
2020-07-23 05:30:00,0.009,0.1075
2020-07-23 05:45:00,0.0,0.0275
2020-07-23 06:00:00,0.035,0.1875
2020-07-23 06:15:00,0.035,0.1875
2020-07-23 06:30:00,0.057,0.2275
2020-07-23 06:45:00,0.035,0.1875
2020-07-23 07:00:00,0.02,0.1475
2020-07-23 07:15:00,0.482,0.5375
2020-07-23 07:30:00,0.12,0.3075
2020-07-23 07:45:00,0.035,0.1875
2020-07-23 08:00:00,0.035,0.1875
2020-07-23 08:15:00,0.02,0.1475
2020-07-23 08:30:00,0.035,0.1875
2020-07-23 08:45:00,0.12,0.3075
2020-07-23 09:00:00,0.152,0.3375
2020-07-23 09:15:00,0.057,0.2275
2020-07-23 09:30:00,0.057,0.2275
2020-07-23 09:45:00,0.057,0.2275
2020-07-23 10:00:00,0.035,0.1875
2020-07-23 10:15:00,0.12,0.3075
2020-07-23 10:30:00,0.323,0.4575
2020-07-23 10:45:00,0.12,0.3075
2020-07-23 11:00:00,0.057,0.2275
2020-07-23 11:15:00,0.035,0.1875
2020-07-23 11:30:00,0.02,0.1475
2020-07-23 11:45:00,0.009,0.1075
2020-07-23 12:00:00,0.009,0.1075
2020-07-23 12:15:00,0.009,0.1075
2020-07-23 12:30:00,0.009,0.1075
2020-07-23 12:45:00,0.003,0.0675
2020-07-23 13:00:00,0.009,0.1075
2020-07-23 13:15:00,0.922,0.6975
2020-07-23 13:30:00,0.152,0.3375
2020-07-23 13:45:00,0.035,0.1875
2020-07-23 14:00:00,0.035,0.1875
2020-07-23 14:15:00,0.009,0.1075
2020-07-23 14:30:00,0.009,0.1075
2020-07-23 14:45:00,0.003,0.0675
2020-07-23 15:00:00,0.003,0.0675
2020-07-23 15:15:00,0.003,0.0675
2020-07-23 15:30:00,0.003,0.0675
2020-07-23 15:45:00,0.0,0.0275
2020-07-23 16:00:00,0.0,-0.0125
2020-07-23 16:15:00,0.0,0.0275
2020-07-23 16:30:00,0.003,0.0675
2020-07-23 16:45:00,0.0,0.0275
2020-07-23 17:00:00,0.0,0.0275
2020-07-23 17:15:00,0.0,0.0275
2020-07-23 17:30:00,0.0,0.0275
2020-07-23 17:45:00,0.0,0.0275
2020-07-23 18:00:00,0.0,-0.0125
2020-07-23 18:15:00,0.0,0.0275
2020-07-23 18:30:00,0.0,0.0275
2020-07-23 18:45:00,0.0,0.0275
2020-07-23 19:00:00,0.057,0.2275
2020-07-23 19:15:00,0.057,0.2275
2020-07-23 19:30:00,0.035,0.1875
2020-07-23 19:45:00,0.035,0.1875
2020-07-23 20:00:00,0.035,0.1875
2020-07-23 20:15:00,0.035,0.1875
2020-07-23 20:30:00,0.035,0.1875
2020-07-23 20:45:00,0.035,0.1875
2020-07-23 21:00:00,0.02,0.1475
2020-07-23 21:15:00,0.035,0.1875
2020-07-23 21:30:00,0.02,0.1475
2020-07-23 21:45:00,0.02,0.1475
2020-07-23 22:00:00,0.02,0.1475
2020-07-23 22:15:00,0.02,0.1475
2020-07-23 22:30:00,0.02,0.1475
2020-07-23 22:45:00,0.02,0.1475
2020-07-23 23:00:00,0.02,0.1475
2020-07-23 23:15:00,0.02,0.1475
2020-07-23 23:30:00,0.035,0.1875
2020-07-23 23:45:00,0.02,0.1475
2020-07-24 00:00:00,0.035,0.1875
2020-07-24 00:15:00,0.02,0.1475
2020-07-24 00:30:00,0.02,0.1475
2020-07-24 00:45:00,0.02,0.1475
2020-07-24 01:00:00,0.02,0.1475
2020-07-24 01:15:00,0.02,0.1475
2020-07-24 01:30:00,0.02,0.1475
2020-07-24 01:45:00,0.02,0.1475
2020-07-24 02:00:00,0.323,0.4575
2020-07-24 02:15:00,0.085,0.2675
2020-07-24 02:30:00,0.035,0.1875
2020-07-24 02:45:00,0.02,0.1475
2020-07-24 03:00:00,0.009,0.1075
2020-07-24 03:15:00,0.0,0.0275
2020-07-24 03:30:00,0.0,-0.0525
2020-07-24 03:45:00,0.0,-0.0525
2020-07-24 04:00:00,0.0,-0.0525
2020-07-24 04:15:00,0.0,-0.0925
2020-07-24 04:30:00,0.0,-0.0925
2020-07-24 04:45:00,0.0,-0.1325
2020-07-24 05:00:00,0.0,-0.1325
2020-07-24 05:15:00,0.0,-0.0125
2020-07-24 05:30:00,0.02,0.1475
2020-07-24 05:45:00,0.035,0.1875
2020-07-24 06:00:00,0.12,0.3075
2020-07-24 06:15:00,0.085,0.2675
2020-07-24 06:30:00,0.02,0.1475
2020-07-24 06:45:00,0.009,0.1075
2020-07-24 07:00:00,0.003,0.0675
2020-07-24 07:15:00,0.003,0.0675
2020-07-24 07:30:00,1.729,0.8975
2020-07-24 07:45:00,0.085,0.2675
2020-07-24 08:00:00,0.035,0.1875
2020-07-24 08:15:00,0.009,0.1075
2020-07-24 08:30:00,0.009,0.1075
2020-07-24 08:45:00,0.009,0.1075
2020-07-24 09:00:00,0.009,0.1075
2020-07-24 09:15:00,0.009,0.1075
2020-07-24 09:30:00,0.009,0.1075
2020-07-24 09:45:00,0.009,0.1075
2020-07-24 10:00:00,0.003,0.0675
2020-07-24 10:15:00,0.003,0.0675
2020-07-24 10:30:00,0.003,0.0675
2020-07-24 10:45:00,0.003,0.0675
2020-07-24 11:00:00,0.009,0.1075
2020-07-24 11:15:00,0.009,0.1075
2020-07-24 11:30:00,0.003,0.0675
2020-07-24 11:45:00,0.003,0.0675
2020-07-24 12:00:00,0.003,0.0675
2020-07-24 12:15:00,0.003,0.0675
2020-07-24 12:30:00,0.003,0.0675
2020-07-24 12:45:00,0.003,0.0675
2020-07-24 13:00:00,0.0,0.0275
2020-07-24 13:15:00,0.003,0.0675
2020-07-24 13:30:00,0.003,0.0675
2020-07-24 13:45:00,0.009,0.1075
2020-07-24 14:00:00,0.009,0.1075
2020-07-24 14:15:00,0.003,0.0675
2020-07-24 14:30:00,0.003,0.0675
2020-07-24 14:45:00,0.009,0.1075
2020-07-24 15:00:00,0.009,0.1075
2020-07-24 15:15:00,0.009,0.1075
2020-07-24 15:30:00,0.003,0.0675
2020-07-24 15:45:00,0.009,0.1075
2020-07-24 16:00:00,0.009,0.1075
2020-07-24 16:15:00,0.009,0.1075
2020-07-24 16:30:00,0.003,0.0675
2020-07-24 16:45:00,0.009,0.1075
2020-07-24 17:00:00,0.003,0.0675
2020-07-24 17:15:00,0.003,0.0675
2020-07-24 17:30:00,0.003,0.0675
2020-07-24 17:45:00,0.003,0.0675
2020-07-24 18:00:00,0.009,0.1075
2020-07-24 18:15:00,0.009,0.1075
2020-07-24 18:30:00,0.009,0.1075
2020-07-24 18:45:00,0.003,0.0675
2020-07-24 19:00:00,0.009,0.1075
2020-07-24 19:15:00,0.009,0.1075
2020-07-24 19:30:00,0.009,0.1075
2020-07-24 19:45:00,0.02,0.1475
2020-07-24 20:00:00,0.02,0.1475
2020-07-24 20:15:00,0.02,0.1475
2020-07-24 20:30:00,0.02,0.1475
2020-07-24 20:45:00,0.02,0.1475
2020-07-24 21:00:00,0.02,0.1475
2020-07-24 21:15:00,0.009,0.1075
2020-07-24 21:30:00,0.009,0.1075
2020-07-24 21:45:00,0.009,0.1075
2020-07-24 22:00:00,0.009,0.1075
2020-07-24 22:15:00,0.009,0.1075
2020-07-24 22:30:00,0.009,0.1075
2020-07-24 22:45:00,0.003,0.0675
2020-07-24 23:00:00,0.003,0.0675
2020-07-24 23:15:00,0.009,0.1075
2020-07-24 23:30:00,0.003,0.0675
2020-07-24 23:45:00,0.003,0.0675
2020-07-25 00:00:00,0.003,0.0675
2020-07-25 00:15:00,0.003,0.0675
2020-07-25 00:30:00,0.003,0.0675
2020-07-25 00:45:00,0.003,0.0675
2020-07-25 01:00:00,0.003,0.0675
2020-07-25 01:15:00,0.003,0.0675
2020-07-25 01:30:00,0.0,0.0275
2020-07-25 01:45:00,0.009,0.1075
2020-07-25 02:00:00,0.057,0.2275
2020-07-25 02:15:00,0.035,0.1875
2020-07-25 02:30:00,0.035,0.1875
2020-07-25 02:45:00,0.035,0.1875
2020-07-25 03:00:00,0.035,0.1875
2020-07-25 03:15:00,0.035,0.1875
2020-07-25 03:30:00,0.02,0.1475
2020-07-25 03:45:00,0.02,0.1475
2020-07-25 04:00:00,0.02,0.1475
2020-07-25 04:15:00,0.02,0.1475
2020-07-25 04:30:00,0.02,0.1475
2020-07-25 04:45:00,0.009,0.1075
2020-07-25 05:00:00,0.009,0.1075
2020-07-25 05:15:00,0.02,0.1475
2020-07-25 05:30:00,0.035,0.1875
2020-07-25 05:45:00,0.02,0.1475
2020-07-25 06:00:00,0.057,0.2275
2020-07-25 06:15:00,0.02,0.1475
2020-07-25 06:30:00,0.009,0.1075
2020-07-25 06:45:00,0.003,0.0675
2020-07-25 07:00:00,0.003,0.0675
2020-07-25 07:15:00,0.576,0.5775
2020-07-25 07:30:00,0.085,0.2675
2020-07-25 07:45:00,0.02,0.1475
2020-07-25 08:00:00,0.02,0.1475
2020-07-25 08:15:00,0.009,0.1075
2020-07-25 08:30:00,0.003,0.0675
2020-07-25 08:45:00,0.003,0.0675
2020-07-25 09:00:00,0.009,0.1075
2020-07-25 09:15:00,0.009,0.1075
2020-07-25 09:30:00,0.009,0.1075
2020-07-25 09:45:00,0.02,0.1475
2020-07-25 10:00:00,0.02,0.1475
2020-07-25 10:15:00,0.12,0.3075
2020-07-25 10:30:00,0.2,0.3775
2020-07-25 10:45:00,0.12,0.3075
2020-07-25 11:00:00,0.035,0.1875
2020-07-25 11:15:00,0.035,0.1875
2020-07-25 11:30:00,0.035,0.1875
2020-07-25 11:45:00,0.398,0.4975
2020-07-25 12:00:00,0.257,0.4175
2020-07-25 12:15:00,0.12,0.3075
2020-07-25 12:30:00,0.057,0.2275
2020-07-25 12:45:00,0.035,0.1875
2020-07-25 13:00:00,0.02,0.1475
2020-07-25 13:15:00,1.209,0.7775
2020-07-25 13:30:00,0.2,0.3775
2020-07-25 13:45:00,0.057,0.2275
2020-07-25 14:00:00,0.035,0.1875
2020-07-25 14:15:00,0.02,0.1475
2020-07-25 14:30:00,0.009,0.1075
2020-07-25 14:45:00,0.009,0.1075
2020-07-25 15:00:00,0.009,0.1075
2020-07-25 15:15:00,0.009,0.1075
2020-07-25 15:30:00,0.009,0.1075
2020-07-25 15:45:00,0.009,0.1075
2020-07-25 16:00:00,0.009,0.1075
2020-07-25 16:15:00,0.009,0.1075
2020-07-25 16:30:00,0.003,0.0675
2020-07-25 16:45:00,0.003,0.0675
2020-07-25 17:00:00,0.009,0.1075
2020-07-25 17:15:00,0.003,0.0675
2020-07-25 17:30:00,0.009,0.1075
2020-07-25 17:45:00,0.009,0.1075
2020-07-25 18:00:00,0.035,0.1875
2020-07-25 18:15:00,0.009,0.1075
2020-07-25 18:30:00,0.009,0.1075
2020-07-25 18:45:00,0.02,0.1475
2020-07-25 19:00:00,0.02,0.1475
2020-07-25 19:15:00,0.035,0.1875
2020-07-25 19:30:00,0.035,0.1875
2020-07-25 19:45:00,0.057,0.2275
2020-07-25 20:00:00,0.035,0.1875
2020-07-25 20:15:00,0.035,0.1875
2020-07-25 20:30:00,0.02,0.1475
2020-07-25 20:45:00,0.02,0.1475
2020-07-25 21:00:00,0.02,0.1475
2020-07-25 21:15:00,0.02,0.1475
2020-07-25 21:30:00,0.02,0.1475
2020-07-25 21:45:00,0.02,0.1475
2020-07-25 22:00:00,0.02,0.1475
2020-07-25 22:15:00,0.02,0.1475
2020-07-25 22:30:00,0.02,0.1475
2020-07-25 22:45:00,0.02,0.1475
2020-07-25 23:00:00,0.02,0.1475
2020-07-25 23:15:00,0.009,0.1075
2020-07-25 23:30:00,0.009,0.1075
2020-07-25 23:45:00,0.003,0.0675
2020-07-26 00:00:00,0.003,0.0675
2020-07-26 00:15:00,0.003,0.0675
2020-07-26 00:30:00,0.0,0.0275
2020-07-26 00:45:00,0.0,0.0275
2020-07-26 01:00:00,0.0,0.0275
2020-07-26 01:15:00,0.0,0.0275
2020-07-26 01:30:00,0.0,0.0275
2020-07-26 01:45:00,0.0,0.0275
2020-07-26 02:00:00,0.2,0.3775
2020-07-26 02:15:00,0.035,0.1875
2020-07-26 02:30:00,0.009,0.1075
2020-07-26 02:45:00,0.009,0.1075
2020-07-26 03:00:00,0.009,0.1075
2020-07-26 03:15:00,0.003,0.0675
2020-07-26 03:30:00,0.003,0.0675
2020-07-26 03:45:00,0.003,0.0675
2020-07-26 04:00:00,0.0,0.0275
2020-07-26 04:15:00,0.0,-0.0125
2020-07-26 04:30:00,0.0,-0.0125
2020-07-26 04:45:00,0.0,-0.0125
2020-07-26 05:00:00,0.0,-0.0125
2020-07-26 05:15:00,0.003,0.0675
2020-07-26 05:30:00,0.009,0.1075
2020-07-26 05:45:00,0.003,0.0675
2020-07-26 06:00:00,0.035,0.1875
2020-07-26 06:15:00,0.035,0.1875
2020-07-26 06:30:00,0.035,0.1875
2020-07-26 06:45:00,0.0,0.0275
2020-07-26 07:00:00,0.0,0.0275
2020-07-26 07:15:00,0.482,0.5375
2020-07-26 07:30:00,1.927,0.9375
2020-07-26 07:45:00,0.12,0.3075
2020-07-26 08:00:00,0.035,0.1875
2020-07-26 08:15:00,0.02,0.1475
2020-07-26 08:30:00,0.003,0.0675
2020-07-26 08:45:00,0.003,0.0675
2020-07-26 09:00:00,0.003,0.0675
2020-07-26 09:15:00,0.003,0.0675
2020-07-26 09:30:00,0.003,0.0675
2020-07-26 09:45:00,0.003,0.0675
2020-07-26 10:00:00,0.003,0.0675
2020-07-26 10:15:00,0.003,0.0675
2020-07-26 10:30:00,0.009,0.1075
2020-07-26 10:45:00,0.009,0.1075
2020-07-26 11:00:00,0.009,0.1075
2020-07-26 11:15:00,0.009,0.1075
2020-07-26 11:30:00,0.02,0.1475
2020-07-26 11:45:00,0.02,0.1475
2020-07-26 12:00:00,0.02,0.1475
2020-07-26 12:15:00,0.009,0.1075
2020-07-26 12:30:00,0.009,0.1075
2020-07-26 12:45:00,0.02,0.1475
2020-07-26 13:00:00,0.02,0.1475
2020-07-26 13:15:00,1.37,0.8175
2020-07-26 13:30:00,0.398,0.4975
2020-07-26 13:45:00,0.085,0.2675
2020-07-26 14:00:00,0.02,0.1475
2020-07-26 14:15:00,0.009,0.1075
2020-07-26 14:30:00,0.003,0.0675
2020-07-26 14:45:00,0.0,0.0275
2020-07-26 15:00:00,0.003,0.0675
2020-07-26 15:15:00,0.0,0.0275
2020-07-26 15:30:00,0.0,0.0275
2020-07-26 15:45:00,0.0,0.0275
2020-07-26 16:00:00,0.0,-0.0125
2020-07-26 16:15:00,0.0,0.0275
2020-07-26 16:30:00,0.0,0.0275
2020-07-26 16:45:00,0.0,0.0275
2020-07-26 17:00:00,0.0,0.0275
2020-07-26 17:15:00,0.003,0.0675
2020-07-26 17:30:00,0.0,0.0275
2020-07-26 17:45:00,0.0,0.0275
2020-07-26 18:00:00,0.003,0.0675
2020-07-26 18:15:00,0.003,0.0675
2020-07-26 18:30:00,0.0,0.0275
2020-07-26 18:45:00,0.0,0.0275
2020-07-26 19:00:00,0.0,0.0275
2020-07-26 19:15:00,0.2,0.3775
2020-07-26 19:30:00,0.085,0.2675
2020-07-26 19:45:00,0.057,0.2275
2020-07-26 20:00:00,0.009,0.1075
2020-07-26 20:15:00,0.003,0.0675
2020-07-26 20:30:00,0.009,0.1075
2020-07-26 20:45:00,0.003,0.0675
2020-07-26 21:00:00,0.003,0.0675
2020-07-26 21:15:00,0.003,0.0675
2020-07-26 21:30:00,0.003,0.0675
2020-07-26 21:45:00,0.003,0.0675
2020-07-26 22:00:00,0.003,0.0675
2020-07-26 22:15:00,0.003,0.0675
2020-07-26 22:30:00,0.003,0.0675
2020-07-26 22:45:00,0.003,0.0675
2020-07-26 23:00:00,0.0,0.0275
2020-07-26 23:15:00,0.003,0.0675
2020-07-26 23:30:00,0.0,0.0275
2020-07-26 23:45:00,0.003,0.0675
2020-07-27 00:00:00,0.398,0.4975
2020-07-27 00:15:00,0.576,0.5775
2020-07-27 00:30:00,0.323,0.4575
2020-07-27 00:45:00,0.482,0.5375
2020-07-27 01:00:00,0.2,0.3775
2020-07-27 01:15:00,0.085,0.2675
2020-07-27 01:30:00,0.035,0.1875
2020-07-27 01:45:00,0.2,0.3775
2020-07-27 02:00:00,0.796,0.6575
2020-07-27 02:15:00,0.576,0.5775
2020-07-27 02:30:00,0.323,0.4575
2020-07-27 02:45:00,0.152,0.3375
2020-07-27 03:00:00,0.12,0.3075
2020-07-27 03:15:00,0.057,0.2275
2020-07-27 03:30:00,0.035,0.1875
2020-07-27 03:45:00,0.035,0.1875
2020-07-27 04:00:00,0.02,0.1475
2020-07-27 04:15:00,0.009,0.1075
2020-07-27 04:30:00,0.009,0.1075
2020-07-27 04:45:00,0.003,0.0675
2020-07-27 05:00:00,0.003,0.0675
2020-07-27 05:15:00,0.035,0.1875
2020-07-27 05:30:00,0.152,0.3375
2020-07-27 05:45:00,0.12,0.3075
2020-07-27 06:00:00,0.398,0.4975
2020-07-27 06:15:00,0.482,0.5375
2020-07-27 06:30:00,0.257,0.4175
2020-07-27 06:45:00,0.152,0.3375
2020-07-27 07:00:00,0.085,0.2675
2020-07-27 07:15:00,0.057,0.2275
2020-07-27 07:30:00,0.398,0.4975
2020-07-27 07:45:00,0.576,0.5775
2020-07-27 08:00:00,0.482,0.5375
2020-07-27 08:15:00,0.398,0.4975
2020-07-27 08:30:00,0.2,0.3775
2020-07-27 08:45:00,0.152,0.3375
2020-07-27 09:00:00,0.12,0.3075
2020-07-27 09:15:00,0.085,0.2675
2020-07-27 09:30:00,0.057,0.2275
2020-07-27 09:45:00,0.085,0.2675
2020-07-27 10:00:00,0.057,0.2275
2020-07-27 10:15:00,0.057,0.2275
2020-07-27 10:30:00,0.057,0.2275
2020-07-27 10:45:00,0.035,0.1875
2020-07-27 11:00:00,0.035,0.1875
2020-07-27 11:15:00,0.035,0.1875
2020-07-27 11:30:00,0.035,0.1875
2020-07-27 11:45:00,0.035,0.1875
2020-07-27 12:00:00,0.035,0.1875
2020-07-27 12:15:00,0.035,0.1875
2020-07-27 12:30:00,0.035,0.1875
2020-07-27 12:45:00,0.035,0.1875
2020-07-27 13:00:00,0.035,0.1875
2020-07-27 13:15:00,0.035,0.1875
2020-07-27 13:30:00,0.035,0.1875
2020-07-27 13:45:00,0.02,0.1475
2020-07-27 14:00:00,0.035,0.1875
2020-07-27 14:15:00,0.02,0.1475
2020-07-27 14:30:00,0.035,0.1875
2020-07-27 14:45:00,0.02,0.1475
2020-07-27 15:00:00,0.02,0.1475
2020-07-27 15:15:00,0.02,0.1475
2020-07-27 15:30:00,0.02,0.1475
2020-07-27 15:45:00,0.02,0.1475
2020-07-27 16:00:00,0.02,0.1475
2020-07-27 16:15:00,0.02,0.1475
2020-07-27 16:30:00,0.02,0.1475
2020-07-27 16:45:00,0.02,0.1475
2020-07-27 17:00:00,0.02,0.1475
2020-07-27 17:15:00,0.02,0.1475
2020-07-27 17:30:00,0.035,0.1875
2020-07-27 17:45:00,0.035,0.1875
2020-07-27 18:00:00,0.035,0.1875
2020-07-27 18:15:00,0.035,0.1875
2020-07-27 18:30:00,0.035,0.1875
2020-07-27 18:45:00,0.035,0.1875
2020-07-27 19:00:00,0.035,0.1875
2020-07-27 19:15:00,0.796,0.6575
2020-07-27 19:30:00,0.576,0.5775
2020-07-27 19:45:00,0.398,0.4975
2020-07-27 20:00:00,0.323,0.4575
2020-07-27 20:15:00,0.2,0.3775
2020-07-27 20:30:00,0.257,0.4175
2020-07-27 20:45:00,0.257,0.4175
2020-07-27 21:00:00,0.257,0.4175
2020-07-27 21:15:00,0.2,0.3775
2020-07-27 21:30:00,0.152,0.3375
2020-07-27 21:45:00,0.152,0.3375
2020-07-27 22:00:00,0.152,0.3375
2020-07-27 22:15:00,0.152,0.3375
2020-07-27 22:30:00,0.152,0.3375
2020-07-27 22:45:00,0.12,0.3075
2020-07-27 23:00:00,0.12,0.3075
2020-07-27 23:15:00,0.152,0.3375
2020-07-27 23:30:00,0.152,0.3375
2020-07-27 23:45:00,0.152,0.3375
2020-07-28 00:00:00,0.152,0.3375
2020-07-28 00:15:00,0.12,0.3075
2020-07-28 00:30:00,0.152,0.3375
2020-07-28 00:45:00,0.12,0.3075
2020-07-28 01:00:00,0.152,0.3375
2020-07-28 01:15:00,0.12,0.3075
2020-07-28 01:30:00,0.12,0.3075
2020-07-28 01:45:00,0.12,0.3075
2020-07-28 02:00:00,0.796,0.6575
2020-07-28 02:15:00,0.796,0.6575
2020-07-28 02:30:00,0.576,0.5775
2020-07-28 02:45:00,0.482,0.5375
2020-07-28 03:00:00,0.323,0.4575
2020-07-28 03:15:00,0.2,0.3775
2020-07-28 03:30:00,0.2,0.3775
2020-07-28 03:45:00,0.12,0.3075
2020-07-28 04:00:00,0.12,0.3075
2020-07-28 04:15:00,0.12,0.3075
2020-07-28 04:30:00,0.12,0.3075
2020-07-28 04:45:00,0.085,0.2675
2020-07-28 05:00:00,0.085,0.2675
2020-07-28 05:15:00,0.152,0.3375
2020-07-28 05:30:00,0.482,0.5375
2020-07-28 05:45:00,0.482,0.5375
2020-07-28 06:00:00,0.796,0.6575
2020-07-28 06:15:00,0.796,0.6575
2020-07-28 06:30:00,0.576,0.5775
2020-07-28 06:45:00,0.398,0.4975
2020-07-28 07:00:00,0.257,0.4175
2020-07-28 07:15:00,0.922,0.6975
2020-07-28 07:30:00,2.084,0.9675
2020-07-28 07:45:00,0.2,0.3775
2020-07-28 08:00:00,0.085,0.2675
2020-07-28 08:15:00,0.035,0.1875
2020-07-28 08:30:00,0.009,0.1075
2020-07-28 08:45:00,0.003,0.0675
2020-07-28 09:00:00,0.003,0.0675
2020-07-28 09:15:00,0.0,0.0275
2020-07-28 09:30:00,0.0,0.0275
2020-07-28 09:45:00,0.0,0.0275
2020-07-28 10:00:00,0.0,0.0275
2020-07-28 10:15:00,0.003,0.0675
2020-07-28 10:30:00,0.057,0.2275
2020-07-28 10:45:00,0.057,0.2275
2020-07-28 11:00:00,0.057,0.2275
2020-07-28 11:15:00,0.02,0.1475
2020-07-28 11:30:00,0.0,0.0275
2020-07-28 11:45:00,0.009,0.1075
2020-07-28 12:00:00,0.02,0.1475
2020-07-28 12:15:00,0.035,0.1875
2020-07-28 12:30:00,0.035,0.1875
2020-07-28 12:45:00,0.057,0.2275
2020-07-28 13:00:00,0.035,0.1875
2020-07-28 13:15:00,1.06,0.7375
2020-07-28 13:30:00,0.2,0.3775
2020-07-28 13:45:00,0.057,0.2275
2020-07-28 14:00:00,0.035,0.1875
2020-07-28 14:15:00,0.035,0.1875
2020-07-28 14:30:00,0.035,0.1875
2020-07-28 14:45:00,0.035,0.1875
2020-07-28 15:00:00,0.035,0.1875
2020-07-28 15:15:00,0.035,0.1875
2020-07-28 15:30:00,0.02,0.1475
2020-07-28 15:45:00,0.035,0.1875
2020-07-28 16:00:00,0.02,0.1475
2020-07-28 16:15:00,0.035,0.1875
2020-07-28 16:30:00,0.02,0.1475
2020-07-28 16:45:00,0.02,0.1475
2020-07-28 17:00:00,0.02,0.1475
2020-07-28 17:15:00,0.02,0.1475
2020-07-28 17:30:00,0.035,0.1875
2020-07-28 17:45:00,0.02,0.1475
2020-07-28 18:00:00,0.035,0.1875
2020-07-28 18:15:00,0.035,0.1875
2020-07-28 18:30:00,0.035,0.1875
2020-07-28 18:45:00,0.152,0.3375
2020-07-28 19:00:00,0.085,0.2675
2020-07-28 19:15:00,0.02,0.1475
2020-07-28 19:30:00,0.02,0.1475
2020-07-28 19:45:00,0.02,0.1475
2020-07-28 20:00:00,0.02,0.1475
2020-07-28 20:15:00,0.02,0.1475
2020-07-28 20:30:00,0.009,0.1075
2020-07-28 20:45:00,0.009,0.1075
2020-07-28 21:00:00,0.02,0.1475
2020-07-28 21:15:00,0.009,0.1075
2020-07-28 21:30:00,0.009,0.1075
2020-07-28 21:45:00,0.009,0.1075
2020-07-28 22:00:00,0.009,0.1075
2020-07-28 22:15:00,0.009,0.1075
2020-07-28 22:30:00,0.009,0.1075
2020-07-28 22:45:00,0.009,0.1075
2020-07-28 23:00:00,0.009,0.1075
2020-07-28 23:15:00,0.009,0.1075
2020-07-28 23:30:00,0.003,0.0675
2020-07-28 23:45:00,0.009,0.1075
2020-07-29 00:00:00,0.009,0.1075
2020-07-29 00:15:00,0.003,0.0675
2020-07-29 00:30:00,0.009,0.1075
2020-07-29 00:45:00,0.009,0.1075
2020-07-29 01:00:00,0.003,0.0675
2020-07-29 01:15:00,0.003,0.0675
2020-07-29 01:30:00,0.003,0.0675
2020-07-29 01:45:00,0.02,0.1475
2020-07-29 02:00:00,0.085,0.2675
2020-07-29 02:15:00,0.009,0.1075
2020-07-29 02:30:00,0.009,0.1075
2020-07-29 02:45:00,0.003,0.0675
2020-07-29 03:00:00,0.009,0.1075
2020-07-29 03:15:00,0.003,0.0675
2020-07-29 03:30:00,0.003,0.0675
2020-07-29 03:45:00,0.0,0.0275
2020-07-29 04:00:00,0.003,0.0675
2020-07-29 04:15:00,0.009,0.1075
2020-07-29 04:30:00,0.003,0.0675
2020-07-29 04:45:00,0.003,0.0675
2020-07-29 05:00:00,0.003,0.0675
2020-07-29 05:15:00,0.02,0.1475
2020-07-29 05:30:00,0.02,0.1475
2020-07-29 05:45:00,0.02,0.1475
2020-07-29 06:00:00,0.085,0.2675
2020-07-29 06:15:00,0.085,0.2675
2020-07-29 06:30:00,0.057,0.2275
2020-07-29 06:45:00,0.02,0.1475
2020-07-29 07:00:00,0.009,0.1075
2020-07-29 07:15:00,0.009,0.1075
2020-07-29 07:30:00,0.085,0.2675
2020-07-29 07:45:00,0.035,0.1875
2020-07-29 08:00:00,0.035,0.1875
2020-07-29 08:15:00,0.02,0.1475
2020-07-29 08:30:00,0.02,0.1475
2020-07-29 08:45:00,0.02,0.1475
2020-07-29 09:00:00,0.02,0.1475
2020-07-29 09:15:00,0.035,0.1875
2020-07-29 09:30:00,0.057,0.2275
2020-07-29 09:45:00,0.057,0.2275
2020-07-29 10:00:00,0.035,0.1875
2020-07-29 10:15:00,0.035,0.1875
2020-07-29 10:30:00,0.035,0.1875
2020-07-29 10:45:00,0.035,0.1875
2020-07-29 11:00:00,0.02,0.1475
2020-07-29 11:15:00,0.035,0.1875
2020-07-29 11:30:00,0.035,0.1875
2020-07-29 11:45:00,0.02,0.1475
2020-07-29 12:00:00,0.02,0.1475
2020-07-29 12:15:00,0.009,0.1075
2020-07-29 12:30:00,0.02,0.1475
2020-07-29 12:45:00,0.009,0.1075
2020-07-29 13:00:00,0.009,0.1075
2020-07-29 13:15:00,0.02,0.1475
2020-07-29 13:30:00,0.02,0.1475
2020-07-29 13:45:00,0.02,0.1475
2020-07-29 14:00:00,0.009,0.1075
2020-07-29 14:15:00,0.02,0.1475
2020-07-29 14:30:00,0.02,0.1475
2020-07-29 14:45:00,0.02,0.1475
2020-07-29 15:00:00,0.02,0.1475
2020-07-29 15:15:00,0.02,0.1475
2020-07-29 15:30:00,0.02,0.1475
2020-07-29 15:45:00,0.02,0.1475
2020-07-29 16:00:00,0.009,0.1075
2020-07-29 16:15:00,0.02,0.1475
2020-07-29 16:30:00,0.02,0.1475
2020-07-29 16:45:00,0.02,0.1475
2020-07-29 17:00:00,0.02,0.1475
2020-07-29 17:15:00,0.009,0.1075
2020-07-29 17:30:00,0.02,0.1475
2020-07-29 17:45:00,0.035,0.1875
2020-07-29 18:00:00,0.085,0.2675
2020-07-29 18:15:00,0.057,0.2275
2020-07-29 18:30:00,0.085,0.2675
2020-07-29 18:45:00,0.035,0.1875
2020-07-29 19:00:00,0.02,0.1475
2020-07-29 19:15:00,0.02,0.1475
2020-07-29 19:30:00,0.02,0.1475
2020-07-29 19:45:00,0.02,0.1475
2020-07-29 20:00:00,0.02,0.1475
2020-07-29 20:15:00,0.035,0.1875
2020-07-29 20:30:00,0.035,0.1875
2020-07-29 20:45:00,0.035,0.1875
2020-07-29 21:00:00,0.035,0.1875
2020-07-29 21:15:00,0.035,0.1875
2020-07-29 21:30:00,0.02,0.1475
2020-07-29 21:45:00,0.02,0.1475
2020-07-29 22:00:00,0.02,0.1475
2020-07-29 22:15:00,0.02,0.1475
2020-07-29 22:30:00,0.02,0.1475
2020-07-29 22:45:00,0.02,0.1475
2020-07-29 23:00:00,0.02,0.1475
2020-07-29 23:15:00,0.009,0.1075
2020-07-29 23:30:00,0.009,0.1075
2020-07-29 23:45:00,0.02,0.1475
2020-07-30 00:00:00,0.323,0.4575
2020-07-30 00:15:00,0.257,0.4175
2020-07-30 00:30:00,0.085,0.2675
2020-07-30 00:45:00,0.12,0.3075
2020-07-30 01:00:00,0.02,0.1475
2020-07-30 01:15:00,0.0,0.0275
2020-07-30 01:30:00,0.0,-0.0125
2020-07-30 01:45:00,0.0,-0.0125
2020-07-30 02:00:00,0.257,0.4175
2020-07-30 02:15:00,0.152,0.3375
2020-07-30 02:30:00,0.085,0.2675
2020-07-30 02:45:00,0.035,0.1875
2020-07-30 03:00:00,0.035,0.1875
2020-07-30 03:15:00,0.035,0.1875
2020-07-30 03:30:00,0.035,0.1875
2020-07-30 03:45:00,0.035,0.1875
2020-07-30 04:00:00,0.02,0.1475
2020-07-30 04:15:00,0.02,0.1475
2020-07-30 04:30:00,0.009,0.1075
2020-07-30 04:45:00,0.009,0.1075
2020-07-30 05:00:00,0.02,0.1475
2020-07-30 05:15:00,0.057,0.2275
2020-07-30 05:30:00,0.085,0.2675
2020-07-30 05:45:00,0.057,0.2275
2020-07-30 06:00:00,0.12,0.3075
2020-07-30 06:15:00,0.12,0.3075
2020-07-30 06:30:00,0.057,0.2275
2020-07-30 06:45:00,0.035,0.1875
2020-07-30 07:00:00,0.02,0.1475
2020-07-30 07:15:00,0.681,0.6175
2020-07-30 07:30:00,1.729,0.8975
2020-07-30 07:45:00,0.2,0.3775
2020-07-30 08:00:00,0.057,0.2275
2020-07-30 08:15:00,0.035,0.1875
2020-07-30 08:30:00,0.009,0.1075
2020-07-30 08:45:00,0.009,0.1075
2020-07-30 09:00:00,0.003,0.0675
2020-07-30 09:15:00,0.003,0.0675
2020-07-30 09:30:00,0.003,0.0675
2020-07-30 09:45:00,0.003,0.0675
2020-07-30 10:00:00,0.003,0.0675
2020-07-30 10:15:00,0.003,0.0675
2020-07-30 10:30:00,0.0,0.0275
2020-07-30 10:45:00,0.0,0.0275
2020-07-30 11:00:00,0.0,0.0275
2020-07-30 11:15:00,0.0,0.0275
2020-07-30 11:30:00,0.0,0.0275
2020-07-30 11:45:00,0.0,0.0275
2020-07-30 12:00:00,0.0,0.0275
2020-07-30 12:15:00,0.0,0.0275
2020-07-30 12:30:00,0.0,0.0275
2020-07-30 12:45:00,0.0,0.0275
2020-07-30 13:00:00,0.0,0.0275
2020-07-30 13:15:00,0.922,0.6975
2020-07-30 13:30:00,0.482,0.5375
2020-07-30 13:45:00,0.085,0.2675
2020-07-30 14:00:00,0.035,0.1875
2020-07-30 14:15:00,0.009,0.1075
2020-07-30 14:30:00,0.003,0.0675
2020-07-30 14:45:00,0.003,0.0675
2020-07-30 15:00:00,0.0,0.0275
2020-07-30 15:15:00,0.0,0.0275
2020-07-30 15:30:00,0.0,0.0275
2020-07-30 15:45:00,0.0,0.0275
2020-07-30 16:00:00,0.0,0.0275
2020-07-30 16:15:00,0.0,0.0275
2020-07-30 16:30:00,0.0,0.0275
2020-07-30 16:45:00,0.0,0.0275
2020-07-30 17:00:00,0.0,0.0275
2020-07-30 17:15:00,0.003,0.0675
2020-07-30 17:30:00,0.003,0.0675
2020-07-30 17:45:00,0.003,0.0675
2020-07-30 18:00:00,0.003,0.0675
2020-07-30 18:15:00,0.003,0.0675
2020-07-30 18:30:00,0.152,0.3375
2020-07-30 18:45:00,0.2,0.3775
2020-07-30 19:00:00,0.152,0.3375
2020-07-30 19:15:00,0.12,0.3075
2020-07-30 19:30:00,0.085,0.2675
2020-07-30 19:45:00,0.057,0.2275
2020-07-30 20:00:00,0.057,0.2275
2020-07-30 20:15:00,0.035,0.1875
2020-07-30 20:30:00,0.035,0.1875
2020-07-30 20:45:00,0.057,0.2275
2020-07-30 21:00:00,0.057,0.2275
2020-07-30 21:15:00,0.057,0.2275
2020-07-30 21:30:00,0.057,0.2275
2020-07-30 21:45:00,0.057,0.2275
2020-07-30 22:00:00,0.057,0.2275
2020-07-30 22:15:00,0.057,0.2275
2020-07-30 22:30:00,0.057,0.2275
2020-07-30 22:45:00,0.085,0.2675
2020-07-30 23:00:00,0.085,0.2675
2020-07-30 23:15:00,0.057,0.2275
2020-07-30 23:30:00,0.057,0.2275
2020-07-30 23:45:00,0.035,0.1875
2020-07-31 00:00:00,0.035,0.1875
2020-07-31 00:15:00,0.035,0.1875
2020-07-31 00:30:00,0.057,0.2275
2020-07-31 00:45:00,0.035,0.1875
2020-07-31 01:00:00,0.057,0.2275
2020-07-31 01:15:00,0.035,0.1875
2020-07-31 01:30:00,0.035,0.1875
2020-07-31 01:45:00,0.085,0.2675
2020-07-31 02:00:00,0.398,0.4975
2020-07-31 02:15:00,0.257,0.4175
2020-07-31 02:30:00,0.2,0.3775
2020-07-31 02:45:00,0.152,0.3375
2020-07-31 03:00:00,0.152,0.3375
2020-07-31 03:15:00,0.085,0.2675
2020-07-31 03:30:00,0.085,0.2675
2020-07-31 03:45:00,0.057,0.2275
2020-07-31 04:00:00,0.057,0.2275
2020-07-31 04:15:00,0.035,0.1875
2020-07-31 04:30:00,0.035,0.1875
2020-07-31 04:45:00,0.035,0.1875
2020-07-31 05:00:00,0.035,0.1875
2020-07-31 05:15:00,0.057,0.2275
2020-07-31 05:30:00,0.2,0.3775
2020-07-31 05:45:00,0.257,0.4175
2020-07-31 06:00:00,0.398,0.4975
2020-07-31 06:15:00,0.398,0.4975
2020-07-31 06:30:00,0.2,0.3775
2020-07-31 06:45:00,0.152,0.3375
2020-07-31 07:00:00,0.12,0.3075
2020-07-31 07:15:00,0.12,0.3075
2020-07-31 07:30:00,0.576,0.5775
2020-07-31 07:45:00,0.257,0.4175
2020-07-31 08:00:00,0.398,0.4975
2020-07-31 08:15:00,0.323,0.4575
2020-07-31 08:30:00,0.257,0.4175
2020-07-31 08:45:00,0.2,0.3775
2020-07-31 09:00:00,0.2,0.3775
2020-07-31 09:15:00,0.2,0.3775
2020-07-31 09:30:00,0.152,0.3375
2020-07-31 09:45:00,0.2,0.3775
2020-07-31 10:00:00,0.152,0.3375
2020-07-31 10:15:00,0.152,0.3375
2020-07-31 10:30:00,0.2,0.3775
2020-07-31 10:45:00,0.152,0.3375
2020-07-31 11:00:00,0.12,0.3075
2020-07-31 11:15:00,0.12,0.3075
2020-07-31 11:30:00,0.152,0.3375
2020-07-31 11:45:00,0.12,0.3075
2020-07-31 12:00:00,0.12,0.3075
2020-07-31 12:15:00,0.085,0.2675
2020-07-31 12:30:00,0.12,0.3075
2020-07-31 12:45:00,0.085,0.2675
2020-07-31 13:00:00,0.12,0.3075
2020-07-31 13:15:00,0.085,0.2675
2020-07-31 13:30:00,0.085,0.2675
2020-07-31 13:45:00,0.085,0.2675
2020-07-31 14:00:00,0.057,0.2275
2020-07-31 14:15:00,0.085,0.2675
2020-07-31 14:30:00,0.085,0.2675
2020-07-31 14:45:00,0.085,0.2675
2020-07-31 15:00:00,0.085,0.2675
2020-07-31 15:15:00,0.12,0.3075
2020-07-31 15:30:00,0.12,0.3075
2020-07-31 15:45:00,0.085,0.2675
2020-07-31 16:00:00,0.12,0.3075
2020-07-31 16:15:00,0.085,0.2675
2020-07-31 16:30:00,0.12,0.3075
2020-07-31 16:45:00,0.12,0.3075
2020-07-31 17:00:00,0.085,0.2675
2020-07-31 17:15:00,0.085,0.2675
2020-07-31 17:30:00,0.057,0.2275
2020-07-31 17:45:00,0.085,0.2675
2020-07-31 18:00:00,0.085,0.2675
2020-07-31 18:15:00,0.085,0.2675
2020-07-31 18:30:00,0.085,0.2675
2020-07-31 18:45:00,0.085,0.2675
2020-07-31 19:00:00,0.085,0.2675
2020-07-31 19:15:00,0.085,0.2675
2020-07-31 19:30:00,0.085,0.2675
2020-07-31 19:45:00,0.085,0.2675
2020-07-31 20:00:00,0.12,0.3075
2020-07-31 20:15:00,0.152,0.3375
2020-07-31 20:30:00,0.12,0.3075
2020-07-31 20:45:00,0.2,0.3775
2020-07-31 21:00:00,0.257,0.4175
2020-07-31 21:15:00,0.398,0.4975
2020-07-31 21:30:00,0.323,0.4575
2020-07-31 21:45:00,0.323,0.4575
2020-07-31 22:00:00,0.257,0.4175
2020-07-31 22:15:00,0.2,0.3775
2020-07-31 22:30:00,0.152,0.3375
2020-07-31 22:45:00,0.152,0.3375
2020-07-31 23:00:00,0.12,0.3075
2020-07-31 23:15:00,0.12,0.3075
2020-07-31 23:30:00,0.12,0.3075
2020-07-31 23:45:00,0.12,0.3075
2020-08-01 00:00:00,0.12,0.3075
