,in Water Level,°F Water Temperature,mS/cm EC, Sensor Metadata,% Battery Percent,mV Battery Voltage,kPa Reference Pressure,°F Logger Temperature
07/21/2020 11:45,-0.27559,84.38,0.0,0.0,100,7781,99.35,94.604
07/21/2020 12:00,-0.07874,78.26,0.0584790084144,0.0,100,7780,99.38,97.124
07/21/2020 12:15,-0.11811,75.668,0.0783429642766,0.0,100,7662,99.38,93.578
07/21/2020 12:30,-0.11811,75.56,0.105681750921,0.0,100,7759,99.39,96.242
07/21/2020 12:45,-0.15748,75.29,0.226986485188,0.0,100,7774,99.38,89.87
07/21/2020 13:00,-0.15748,75.2,0.974989637717,0.0,100,7777,99.38,86.396
07/21/2020 13:15,1.37795,80.798,0.849180475036,0.0,100,7784,99.37,84.524
07/21/2020 13:30,2.40157,85.712,0.92896638678,0.0,100,7783,99.36,83.624
07/21/2020 13:45,2.40157,84.344,0.920449571753,0.0,100,7786,99.35,83.138
07/21/2020 14:00,2.3622,83.372,0.912010839356,0.0,100,7781,99.33,82.832
07/21/2020 14:15,2.3622,82.49,0.901571137606,0.0,100,7781,99.32,82.634
07/21/2020 14:30,2.32283,81.734,0.901571137606,0.0,100,7786,99.32,82.382
07/21/2020 14:45,2.28346,81.176,0.912010839356,0.0,100,7786,99.32,82.238
07/21/2020 15:00,2.04724,80.672,0.918332596484,0.0,100,7789,99.3,82.094
07/21/2020 15:15,0.94488,80.222,0.926829823379,0.0,100,7790,99.29,82.094
07/21/2020 15:30,0.86614,79.844,0.922571427155,0.0,100,7789,99.28,82.13
07/21/2020 15:45,0.90551,79.484,0.91411324147,0.0,100,7791,99.26,82.184
07/21/2020 16:00,0.86614,79.034,0.909913272632,0.0,100,7791,99.24,82.22
07/21/2020 16:15,0.74803,78.71,0.907820530178,0.0,100,7793,99.24,82.292
07/21/2020 16:30,0.90551,78.476,0.907820530178,0.0,100,7788,99.23,82.346
07/21/2020 16:45,1.06299,78.296,0.89949758153,0.0,100,7789,99.22,82.328
07/21/2020 17:00,1.10236,78.098,0.887156012038,0.0,100,7790,99.22,82.31
07/21/2020 17:15,1.10236,77.954,0.868960429286,0.0,100,7665,99.21,82.346
07/21/2020 17:30,1.10236,77.792,0.85703784523,0.0,100,7789,99.19,82.364
07/21/2020 17:45,0.82677,77.72,0.872971368388,0.0,100,7796,99.18,82.328
07/21/2020 18:00,0.7874,77.72,0.891250938134,0.0,100,7792,99.18,82.202
07/21/2020 18:15,0.82677,77.558,0.881048873008,0.0,100,7791,99.18,82.112
07/21/2020 18:30,0.90551,77.522,0.868960429286,0.0,100,7791,99.19,82.04
07/21/2020 18:45,0.86614,77.36,0.860993752185,0.0,100,7792,99.2,81.896
07/21/2020 19:00,0.7874,77.36,0.859013521505,0.0,100,7793,99.21,81.734
07/21/2020 19:15,0.82677,77.342,0.859013521505,0.0,100,7791,99.22,81.59
07/21/2020 19:30,0.82677,77.18,0.866961875758,0.0,100,7790,99.23,81.41
07/21/2020 19:45,0.86614,77.18,0.870963589956,0.0,100,7793,99.25,81.194
07/21/2020 20:00,0.82677,77.18,0.889201117858,0.0,100,7789,99.26,80.96
07/21/2020 20:15,0.86614,77.0,0.901571137606,0.0,100,7790,99.27,80.744
07/21/2020 20:30,0.7874,77.0,0.91411324147,0.0,100,7795,99.27,80.51
07/21/2020 20:45,0.74803,77.0,0.926829823379,0.0,100,7792,99.28,80.168
07/21/2020 21:00,0.82677,76.82,0.924698173938,0.0,100,7792,99.29,79.862
07/21/2020 21:15,0.82677,76.766,0.918332596484,0.0,100,7791,99.3,79.61
07/21/2020 21:30,0.90551,76.64,0.907820530178,0.0,100,7788,99.32,79.412
07/21/2020 21:45,0.98425,76.496,0.901571137606,0.0,100,7792,99.35,79.34
07/21/2020 22:00,0.98425,76.388,0.901571137606,0.0,100,7792,99.36,79.286
07/21/2020 22:15,1.14173,76.28,0.897428794501,0.0,100,7793,99.38,79.304
07/21/2020 22:30,1.14173,76.28,0.89949758153,0.0,100,7792,99.39,79.358
07/21/2020 22:45,1.10236,76.1,0.901571137606,0.0,100,7786,99.4,79.34
07/21/2020 23:00,1.06299,76.1,0.897428794501,0.0,100,7794,99.4,79.358
07/21/2020 23:15,1.06299,75.938,0.893305483733,0.0,100,7792,99.4,79.268
07/21/2020 23:30,1.10236,75.92,0.885115609831,0.0,100,7787,99.4,79.196
07/21/2020 23:45,1.10236,75.83,0.883079900419,0.0,100,7786,99.39,79.106
07/22/2020 00:00,1.22047,75.74,0.883079900419,0.0,100,7793,99.39,78.89
07/22/2020 00:15,1.29921,75.596,0.885115609831,0.0,100,7699,99.39,79.43
07/22/2020 00:30,1.25984,75.56,0.879022516831,0.0,100,7768,99.38,79.25
07/22/2020 00:45,1.25984,75.434,0.874983775227,0.0,100,7770,99.39,78.944
07/22/2020 01:00,1.25984,75.38,0.874983775227,0.0,100,7775,99.38,78.728
07/22/2020 01:15,1.29921,75.29,0.872971368388,0.0,100,7772,99.38,78.566
07/22/2020 01:30,1.25984,75.2,0.872971368388,0.0,100,7770,99.37,78.368
07/22/2020 01:45,1.25984,75.2,0.872971368388,0.0,100,7773,99.36,78.278
07/22/2020 02:00,1.73228,75.146,0.870963589956,0.0,100,7773,99.35,78.224
07/22/2020 02:15,1.37795,75.218,0.874983775227,0.0,100,7777,99.33,78.008
07/22/2020 02:30,1.1811,75.38,0.877000821144,0.0,100,7776,99.32,77.792
07/22/2020 02:45,1.06299,75.38,0.879022516831,0.0,100,7775,99.31,77.666
07/22/2020 03:00,0.98425,75.416,0.879022516831,0.0,100,7774,99.3,77.666
07/22/2020 03:15,0.98425,75.38,0.877000821144,0.0,100,7777,99.3,77.666
07/22/2020 03:30,1.06299,75.2,0.872971368388,0.0,100,7778,99.3,77.738
07/22/2020 03:45,1.14173,75.2,0.864967918776,0.0,100,7779,99.3,77.864
07/22/2020 04:00,1.1811,75.038,0.862978547767,0.0,100,7777,99.31,77.99
07/22/2020 04:15,1.10236,75.02,0.860993752185,0.0,100,7780,99.29,78.098
07/22/2020 04:30,1.1811,75.02,0.85703784523,0.0,100,7779,99.3,78.116
07/22/2020 04:45,1.25984,75.02,0.85703784523,0.0,100,7773,99.3,78.026
07/22/2020 05:00,1.25984,74.84,0.85703784523,0.0,100,7779,99.31,77.882
07/22/2020 05:15,1.49606,74.84,0.855066712885,0.0,100,7780,99.31,77.63
07/22/2020 05:30,1.61417,74.84,0.855066712885,0.0,100,7776,99.31,77.504
07/22/2020 05:45,1.61417,74.678,0.851138038202,0.0,100,7772,99.31,77.396
07/22/2020 06:00,1.73228,74.66,0.853100114018,0.0,100,7779,99.31,77.27
07/22/2020 06:15,1.69291,74.606,0.851138038202,0.0,100,7774,99.32,77.054
07/22/2020 06:30,1.73228,74.318,0.849180475036,0.0,100,7780,99.34,77.072
07/22/2020 06:45,1.73228,74.3,0.849180475036,0.0,100,7779,99.36,77.054
07/22/2020 07:00,1.77165,74.3,0.849180475036,0.0,100,7778,99.37,77.018
07/22/2020 07:15,1.77165,74.264,0.851138038202,0.0,100,7776,99.38,76.892
07/22/2020 07:30,2.08661,74.642,0.781627804588,0.0,100,7775,99.39,76.946
07/22/2020 07:45,1.22047,75.02,0.769130440287,0.0,100,7779,99.39,77.162
07/22/2020 08:00,1.1811,75.02,0.770903469064,0.0,100,7779,99.39,77.288
07/22/2020 08:15,1.14173,75.02,0.774461797803,0.0,100,7776,99.41,77.342
07/22/2020 08:30,1.14173,75.02,0.77803655104,0.0,100,7780,99.42,77.45
07/22/2020 08:45,1.14173,74.948,0.776247116629,0.0,100,7776,99.43,77.504
07/22/2020 09:00,1.22047,74.84,0.763835783578,0.0,100,7777,99.43,77.54
07/22/2020 09:15,1.25984,74.84,0.788860117619,0.0,100,7777,99.42,77.612
07/22/2020 09:30,1.33858,74.84,0.796159350417,0.0,100,7776,99.43,77.684
07/22/2020 09:45,1.33858,74.84,0.810961057854,0.0,100,7775,99.44,77.756
07/22/2020 10:00,1.41732,74.84,0.83368118462,0.0,100,7776,99.44,77.792
07/22/2020 10:15,1.41732,74.84,0.862978547767,0.0,100,7777,99.45,77.792
07/22/2020 10:30,1.37795,74.84,0.883079900419,0.0,100,7778,99.46,77.792
07/22/2020 10:45,1.41732,74.84,0.903649473722,0.0,100,7779,99.46,77.864
07/22/2020 11:00,1.41732,74.84,0.920449571753,0.0,100,7778,99.47,77.882
07/22/2020 11:15,1.41732,74.84,0.926829823379,0.0,100,7776,99.46,77.918
07/22/2020 11:30,1.41732,74.84,0.933254300797,0.0,100,7779,99.47,77.936
07/22/2020 11:45,1.37795,74.786,0.937562006926,0.0,100,7778,99.46,77.846
07/22/2020 12:00,1.45669,74.66,0.935405674148,0.0,100,7777,99.46,77.882
07/22/2020 12:15,1.53543,74.66,0.935405674148,0.0,100,7777,99.46,78.026
07/22/2020 12:30,1.5748,74.426,0.935405674148,0.0,100,7776,99.45,78.188
07/22/2020 12:45,1.65354,74.3,0.933254300797,0.0,100,7777,99.45,78.368
07/22/2020 13:00,1.69291,74.3,0.931107875468,0.0,100,7780,99.44,78.602
07/22/2020 13:15,1.77165,74.3,0.926829823379,0.0,100,7777,99.44,78.764
07/22/2020 13:30,1.88976,74.174,0.922571427155,0.0,100,7780,99.44,78.944
07/22/2020 13:45,1.81102,74.12,0.918332596484,0.0,100,7779,99.43,79.16
07/22/2020 14:00,1.73228,74.12,0.91411324147,0.0,100,7776,99.41,79.34
07/22/2020 14:15,1.69291,74.12,0.905732600898,0.0,100,7780,99.41,79.538
07/22/2020 14:30,1.65354,74.12,0.901571137606,0.0,100,7778,99.4,79.718
07/22/2020 14:45,1.5748,74.12,0.89536476555,0.0,100,7777,99.4,79.898
07/22/2020 15:00,1.61417,74.12,0.893305483733,0.0,100,7777,99.41,80.078
07/22/2020 15:15,1.33858,74.138,0.870963589956,0.0,100,7780,99.4,80.132
07/22/2020 15:30,1.06299,74.3,0.85703784523,0.0,100,7775,99.4,80.186
07/22/2020 15:45,1.02362,74.3,0.85703784523,0.0,100,7778,99.4,80.204
07/22/2020 16:00,0.90551,74.3,0.862978547767,0.0,100,7779,99.39,80.222
07/22/2020 16:15,0.86614,74.3,0.85703784523,0.0,100,7779,99.4,80.222
07/22/2020 16:30,0.86614,74.3,0.864967918776,0.0,100,7780,99.39,80.312
07/22/2020 16:45,1.06299,74.3,0.866961875758,0.0,100,7777,99.38,80.33
07/22/2020 17:00,1.10236,74.3,0.866961875758,0.0,100,7780,99.38,80.348
07/22/2020 17:15,1.1811,74.282,0.866961875758,0.0,100,7778,99.37,80.402
07/22/2020 17:30,1.14173,74.3,0.870963589956,0.0,100,7780,99.36,80.492
07/22/2020 17:45,0.98425,74.3,0.868960429286,0.0,100,7779,99.34,80.51
07/22/2020 18:00,0.98425,74.3,0.870963589956,0.0,100,7779,99.34,80.6
07/22/2020 18:15,0.94488,74.3,0.870963589956,0.0,100,7779,99.34,80.672
07/22/2020 18:30,0.94488,74.3,0.870963589956,0.0,100,7776,99.34,80.708
07/22/2020 18:45,0.98425,74.3,0.872971368388,0.0,100,7776,99.34,80.708
07/22/2020 19:00,1.25984,74.3,0.877000821144,0.0,100,7779,99.34,80.672
07/22/2020 19:15,1.1811,74.39,0.879022516831,0.0,100,7777,99.35,80.564
07/22/2020 19:30,1.14173,74.642,0.883079900419,0.0,100,7776,99.36,80.258
07/22/2020 19:45,1.06299,74.66,0.889201117858,0.0,100,7776,99.36,80.024
07/22/2020 20:00,1.25984,74.642,0.89949758153,0.0,100,7776,99.36,79.736
07/22/2020 20:15,1.25984,74.354,0.907820530178,0.0,100,7777,99.35,79.394
07/22/2020 20:30,1.37795,74.3,0.920449571753,0.0,100,7778,99.37,79.142
07/22/2020 20:45,1.37795,74.3,0.920449571753,0.0,100,7776,99.38,79.07
07/22/2020 21:00,1.49606,74.3,0.922571427155,0.0,100,7776,99.38,79.052
07/22/2020 21:15,1.5748,74.21,0.933254300797,0.0,100,7775,99.4,78.98
07/22/2020 21:30,1.5748,74.12,0.935405674148,0.0,100,7776,99.41,78.764
07/22/2020 21:45,1.5748,74.12,0.935405674148,0.0,100,7776,99.42,78.494
07/22/2020 22:00,1.61417,74.012,0.937562006926,0.0,100,7775,99.43,78.296
07/22/2020 22:15,1.69291,73.94,0.937562006926,0.0,100,7776,99.44,78.17
07/22/2020 22:30,1.77165,73.94,0.941889596523,0.0,100,7775,99.45,78.08
07/22/2020 22:45,1.77165,73.94,0.941889596523,0.0,100,7776,99.46,78.008
07/22/2020 23:00,1.81102,73.94,0.939723310565,0.0,100,7776,99.46,77.972
07/22/2020 23:15,1.77165,73.778,0.937562006926,0.0,100,7774,99.46,77.864
07/22/2020 23:30,2.04724,73.76,0.922571427155,0.0,100,7775,99.47,77.648
07/22/2020 23:45,2.08661,73.76,0.922571427155,0.0,100,7776,99.48,77.504
07/23/2020 00:00,2.20472,73.688,0.926829823379,0.0,100,7776,99.48,77.306
07/23/2020 00:15,2.20472,73.778,0.926829823379,0.0,100,7656,99.48,77.81
07/23/2020 00:30,1.77165,73.94,0.937562006926,0.0,100,7742,99.48,77.702
07/23/2020 00:45,1.69291,74.012,0.937562006926,0.0,100,7742,99.48,77.36
07/23/2020 01:00,1.61417,74.12,0.941889596523,0.0,100,7748,99.48,77.306
07/23/2020 01:15,1.53543,74.12,0.944060876286,0.0,100,7749,99.48,77.414
07/23/2020 01:30,1.49606,74.12,0.946237161366,0.0,100,7751,99.48,77.45
07/23/2020 01:45,1.53543,74.12,0.926829823379,0.0,100,7751,99.47,77.432
07/23/2020 02:00,1.73228,73.958,0.872971368388,0.0,100,7752,99.47,77.342
07/23/2020 02:15,1.65354,73.94,0.868960429286,0.0,100,7753,99.47,77.162
07/23/2020 02:30,1.49606,73.94,0.901571137606,0.0,100,7746,99.45,77.036
07/23/2020 02:45,1.45669,73.94,0.912010839356,0.0,100,7753,99.44,76.964
07/23/2020 03:00,1.45669,73.94,0.922571427155,0.0,100,7750,99.43,76.964
07/23/2020 03:15,1.5748,73.796,0.933254300797,0.0,100,7749,99.42,76.838
07/23/2020 03:30,1.69291,73.76,0.926829823379,0.0,100,7749,99.41,76.586
07/23/2020 03:45,1.77165,73.58,0.918332596484,0.0,100,7753,99.41,76.424
07/23/2020 04:00,1.92913,73.58,0.920449571753,0.0,100,7754,99.42,76.298
07/23/2020 04:15,1.92913,73.58,0.922571427155,0.0,100,7756,99.43,76.352
07/23/2020 04:30,2.00787,73.472,0.92896638678,0.0,100,7755,99.43,76.262
07/23/2020 04:45,2.08661,73.436,0.918332596484,0.0,100,7753,99.43,76.244
07/23/2020 05:00,2.20472,73.4,0.909913272632,0.0,100,7748,99.44,76.226
07/23/2020 05:15,2.40157,73.4,0.901571137606,0.0,100,7755,99.45,76.244
07/23/2020 05:30,2.44094,73.4,0.901571137606,0.0,100,7757,99.46,76.244
07/23/2020 05:45,2.3622,73.382,0.89949758153,0.0,100,7756,99.47,76.208
07/23/2020 06:00,2.67716,73.22,0.883079900419,0.0,100,7755,99.48,76.226
07/23/2020 06:15,2.71653,73.22,0.872971368388,0.0,100,7753,99.5,76.28
07/23/2020 06:30,2.7559,73.22,0.870963589956,0.0,100,7748,99.51,76.28
07/23/2020 06:45,2.51968,73.22,0.868960429286,0.0,100,7753,99.52,76.262
07/23/2020 07:00,2.32283,73.22,0.877000821144,0.0,100,7754,99.52,76.262
07/23/2020 07:15,2.63779,73.274,0.849180475036,0.0,100,7753,99.53,76.37
07/23/2020 07:30,2.20472,73.4,0.83368118462,0.0,100,7748,99.55,76.352
07/23/2020 07:45,2.04724,73.4,0.829850767514,0.0,100,7756,99.56,76.352
07/23/2020 08:00,2.04724,73.4,0.826037949577,0.0,100,7748,99.57,76.424
07/23/2020 08:15,1.9685,73.4,0.831763771103,0.0,100,7748,99.58,76.406
07/23/2020 08:30,2.08661,73.4,0.831763771103,0.0,100,7750,99.6,76.37
07/23/2020 08:45,2.28346,73.4,0.822242649947,0.0,100,7753,99.61,76.262
07/23/2020 09:00,2.28346,73.382,0.824138115013,0.0,100,7755,99.6,76.244
07/23/2020 09:15,2.16535,73.31,0.841395141645,0.0,100,7753,99.6,76.37
07/23/2020 09:30,1.92913,73.4,0.909913272632,0.0,100,7755,99.59,76.46
07/23/2020 09:45,1.85039,73.562,0.944060876286,0.0,100,7754,99.61,76.568
07/23/2020 10:00,1.69291,73.58,0.979489985409,0.0,100,7754,99.6,76.622
07/23/2020 10:15,1.85039,73.58,0.986279485631,0.0,100,7754,99.6,76.622
07/23/2020 10:30,1.85039,73.832,0.933254300797,0.0,100,7753,99.61,76.73
07/23/2020 10:45,1.41732,74.066,0.933254300797,0.0,100,7753,99.61,76.892
07/23/2020 11:00,1.33858,74.264,0.924698173938,0.0,100,7752,99.6,77.0
07/23/2020 11:15,1.22047,74.3,0.920449571753,0.0,100,7748,99.6,77.054
07/23/2020 11:30,1.1811,74.3,0.920449571753,0.0,100,7745,99.6,77.108
07/23/2020 11:45,1.14173,74.3,0.922571427155,0.0,100,7748,99.58,77.27
07/23/2020 12:00,1.22047,74.228,0.922571427155,0.0,100,7755,99.57,77.45
07/23/2020 12:15,1.37795,74.12,0.924698173938,0.0,100,7754,99.56,77.72
07/23/2020 12:30,1.37795,74.12,0.926829823379,0.0,100,7753,99.55,77.972
07/23/2020 12:45,1.37795,73.958,0.92896638678,0.0,100,7747,99.54,78.152
07/23/2020 13:00,1.5748,73.94,0.926829823379,0.0,100,7747,99.53,78.296
07/23/2020 13:15,1.73228,75.866,0.889201117858,0.0,100,7748,99.53,78.512
07/23/2020 13:30,1.02362,78.782,0.851138038202,0.0,100,7756,99.52,78.89
07/23/2020 13:45,1.29921,78.53,0.859013521505,0.0,100,7751,99.5,79.124
07/23/2020 14:00,2.00787,78.224,0.862978547767,0.0,100,7755,99.49,79.25
07/23/2020 14:15,2.48031,77.846,0.866961875758,0.0,100,7754,99.48,79.304
07/23/2020 14:30,2.79527,77.486,0.870963589956,0.0,100,7754,99.47,79.394
07/23/2020 14:45,2.83464,77.144,0.874983775227,0.0,100,7754,99.47,79.484
07/23/2020 15:00,2.87401,76.91,0.877000821144,0.0,100,7752,99.45,79.574
07/23/2020 15:15,3.07086,76.658,0.874983775227,0.0,100,7750,99.45,79.61
07/23/2020 15:30,2.91338,76.37,0.870963589956,0.0,100,7753,99.44,79.646
07/23/2020 15:45,2.79527,76.154,0.864967918776,0.0,100,7754,99.42,79.646
07/23/2020 16:00,2.67716,75.902,0.85703784523,0.0,100,7755,99.4,79.682
07/23/2020 16:15,2.51968,75.74,0.853100114018,0.0,100,7754,99.39,79.772
07/23/2020 16:30,2.55905,75.578,0.855066712885,0.0,100,7748,99.38,79.934
07/23/2020 16:45,2.59842,75.56,0.855066712885,0.0,100,7755,99.38,80.006
07/23/2020 17:00,2.51968,75.452,0.85703784523,0.0,100,7748,99.38,80.042
07/23/2020 17:15,2.55905,75.38,0.864967918776,0.0,100,7748,99.38,80.078
07/23/2020 17:30,2.63779,75.272,0.862978547767,0.0,100,7751,99.37,80.006
07/23/2020 17:45,2.67716,75.2,0.864967918776,0.0,100,7747,99.37,79.988
07/23/2020 18:00,2.44094,75.2,0.866961875758,0.0,100,7754,99.37,80.006
07/23/2020 18:15,1.9685,75.038,0.868960429286,0.0,100,7754,99.37,79.97
07/23/2020 18:30,1.77165,75.02,0.874983775227,0.0,100,7754,99.38,80.006
07/23/2020 18:45,1.5748,75.02,0.881048873008,0.0,100,7755,99.38,80.042
07/23/2020 19:00,1.65354,75.074,0.924698173938,0.0,100,7752,99.38,80.06
07/23/2020 19:15,1.33858,75.362,0.990831944893,0.0,100,7754,99.39,80.06
07/23/2020 19:30,1.45669,75.38,1.01859138805,0.0,100,7753,99.39,79.916
07/23/2020 19:45,1.37795,75.38,1.04472021922,0.0,100,7746,99.4,79.772
07/23/2020 20:00,1.37795,75.38,1.06414301822,0.0,100,7753,99.4,79.61
07/23/2020 20:15,1.29921,75.38,1.07646521363,0.0,100,7755,99.39,79.34
07/23/2020 20:30,1.41732,75.38,1.08642562362,0.0,100,7754,99.4,79.016
07/23/2020 20:45,1.5748,75.38,1.09647819614,0.0,100,7754,99.41,78.692
07/23/2020 21:00,1.61417,75.38,1.10662378398,0.0,100,7754,99.41,78.386
07/23/2020 21:15,1.69291,75.362,1.10917481526,0.0,100,7754,99.41,78.116
07/23/2020 21:30,1.9685,75.2,1.10662378398,0.0,100,7748,99.43,77.828
07/23/2020 21:45,2.08661,75.11,1.10153930954,0.0,100,7754,99.44,77.648
07/23/2020 22:00,2.24409,75.02,1.09900583943,0.0,100,7755,99.45,77.486
07/23/2020 22:15,2.20472,74.858,1.09647819614,0.0,100,7752,99.44,77.342
07/23/2020 22:30,2.3622,74.84,1.09900583943,0.0,100,7747,99.44,77.234
07/23/2020 22:45,2.28346,74.822,1.10662378398,0.0,100,7754,99.45,77.126
07/23/2020 23:00,2.40157,74.66,1.11173172728,0.0,100,7753,99.45,77.018
07/23/2020 23:15,2.55905,74.534,1.11429453359,0.0,100,7747,99.47,76.91
07/23/2020 23:30,2.71653,74.3,1.11173172728,0.0,100,7751,99.48,76.802
07/23/2020 23:45,2.7559,74.156,1.11429453359,0.0,100,7753,99.48,76.694
07/24/2020 00:00,2.91338,74.102,1.1040786199,0.0,100,7751,99.48,76.604
07/24/2020 00:15,2.91338,73.94,1.09144033645,0.0,100,7619,99.48,77.27
07/24/2020 00:30,2.91338,73.94,1.07894672223,0.0,100,7697,99.48,77.162
07/24/2020 00:45,2.95275,73.814,1.08392691402,0.0,100,7704,99.47,76.73
07/24/2020 01:00,3.03149,73.76,1.0814339513,0.0,100,7707,99.47,76.514
07/24/2020 01:15,3.11023,73.598,1.05681750921,0.0,100,7708,99.46,76.406
07/24/2020 01:30,3.18897,73.436,1.02801629813,0.0,100,7713,99.46,76.37
07/24/2020 01:45,3.26771,73.328,1.00925288608,0.0,100,7712,99.45,76.37
07/24/2020 02:00,3.46456,73.382,1.0,0.0,100,7710,99.45,76.352
07/24/2020 02:15,2.91338,73.652,0.995405417352,0.0,100,7713,99.43,76.388
07/24/2020 02:30,2.7559,73.76,0.995405417352,0.0,100,7713,99.44,76.478
07/24/2020 02:45,2.55905,73.76,0.995405417352,0.0,100,7714,99.45,76.604
07/24/2020 03:00,2.40157,73.76,0.993116048421,0.0,100,7716,99.45,76.604
07/24/2020 03:15,2.48031,73.76,0.993116048421,0.0,100,7716,99.46,76.46
07/24/2020 03:30,2.63779,73.616,0.986279485631,0.0,100,7716,99.45,76.262
07/24/2020 03:45,2.87401,73.58,0.979489985409,0.0,100,7713,99.46,76.208
07/24/2020 04:00,2.79527,73.58,0.986279485631,0.0,100,7714,99.46,76.19
07/24/2020 04:15,2.79527,73.562,0.988553094657,0.0,100,7714,99.47,76.118
07/24/2020 04:30,3.03149,73.4,0.986279485631,0.0,100,7714,99.48,75.974
07/24/2020 04:45,2.99212,73.4,0.986279485631,0.0,100,7715,99.48,75.812
07/24/2020 05:00,2.87401,73.256,0.990831944893,0.0,100,7713,99.48,75.704
07/24/2020 05:15,3.07086,73.22,0.972747223777,0.0,100,7715,99.5,75.65
07/24/2020 05:30,3.34645,73.22,0.952796164024,0.0,100,7716,99.51,75.56
07/24/2020 05:45,3.22834,73.22,0.950604793656,0.0,100,7717,99.51,75.65
07/24/2020 06:00,3.42519,73.022,0.935405674148,0.0,100,7715,99.53,75.632
07/24/2020 06:15,3.38582,72.86,0.931107875468,0.0,100,7713,99.55,75.452
07/24/2020 06:30,3.22834,72.86,0.931107875468,0.0,100,7713,99.55,75.272
07/24/2020 06:45,3.1496,72.86,0.941889596523,0.0,100,7713,99.55,75.326
07/24/2020 07:00,3.18897,72.86,0.931107875468,0.0,100,7714,99.56,75.488
07/24/2020 07:15,3.22834,72.86,0.92896638678,0.0,100,7715,99.58,75.488
07/24/2020 07:30,3.38582,73.202,0.807235030249,0.0,100,7715,99.59,75.434
07/24/2020 07:45,2.48031,73.472,0.796159350417,0.0,100,7714,99.6,75.452
07/24/2020 08:00,2.44094,73.526,0.803526122186,0.0,100,7714,99.6,75.362
07/24/2020 08:15,2.51968,73.4,0.810961057854,0.0,100,7715,99.6,75.434
07/24/2020 08:30,2.59842,73.4,0.84527884516,0.0,100,7713,99.61,75.524
07/24/2020 08:45,2.59842,73.4,0.879022516831,0.0,100,7717,99.6,75.488
07/24/2020 09:00,2.63779,73.382,0.907820530178,0.0,100,7713,99.61,75.362
07/24/2020 09:15,2.67716,73.238,0.926829823379,0.0,100,7713,99.62,75.308
07/24/2020 09:30,2.67716,73.274,0.939723310565,0.0,100,7713,99.61,75.452
07/24/2020 09:45,2.59842,73.364,0.950604793656,0.0,100,7713,99.6,75.668
07/24/2020 10:00,2.55905,73.292,0.957194071295,0.0,100,7716,99.6,75.83
07/24/2020 10:15,2.51968,73.382,0.968277856261,0.0,100,7714,99.6,75.812
07/24/2020 10:30,2.59842,73.22,0.972747223777,0.0,100,7714,99.6,75.938
07/24/2020 10:45,2.59842,73.22,0.977237220956,0.0,100,7713,99.59,76.136
07/24/2020 11:00,2.59842,73.22,0.990831944893,0.0,100,7715,99.58,76.406
07/24/2020 11:15,2.59842,73.22,0.993116048421,0.0,100,7715,99.58,76.694
07/24/2020 11:30,2.51968,73.22,0.984011105761,0.0,100,7716,99.58,77.0
07/24/2020 11:45,2.48031,73.22,0.993116048421,0.0,100,7713,99.57,77.306
07/24/2020 12:00,2.44094,73.22,0.995405417352,0.0,100,7714,99.57,77.612
07/24/2020 12:15,2.40157,73.31,0.995405417352,0.0,100,7714,99.57,77.81
07/24/2020 12:30,2.48031,73.22,0.993116048421,0.0,100,7716,99.56,78.08
07/24/2020 12:45,2.48031,73.22,0.988553094657,0.0,100,7717,99.57,78.35
07/24/2020 13:00,2.48031,73.22,0.98174794302,0.0,100,7713,99.56,78.674
07/24/2020 13:15,2.59842,73.202,0.963829023624,0.0,100,7713,99.55,78.89
07/24/2020 13:30,2.63779,73.04,0.944060876286,0.0,100,7716,99.55,79.25
07/24/2020 13:45,2.59842,73.04,0.935405674148,0.0,100,7717,99.53,79.61
07/24/2020 14:00,2.51968,73.166,0.92896638678,0.0,100,7713,99.53,79.754
07/24/2020 14:15,2.48031,73.22,0.922571427155,0.0,100,7716,99.52,79.772
07/24/2020 14:30,2.44094,73.22,0.920449571753,0.0,100,7715,99.52,79.79
07/24/2020 14:45,2.44094,73.22,0.918332596484,0.0,100,7714,99.52,79.988
07/24/2020 15:00,2.44094,73.22,0.918332596484,0.0,100,7715,99.52,80.186
07/24/2020 15:15,2.3622,73.22,0.916220490122,0.0,100,7717,99.52,80.312
07/24/2020 15:30,2.24409,73.274,0.916220490122,0.0,100,7714,99.5,80.42
07/24/2020 15:45,2.16535,73.4,0.91411324147,0.0,100,7716,99.49,80.474
07/24/2020 16:00,2.08661,73.4,0.91411324147,0.0,100,7715,99.49,80.492
07/24/2020 16:15,2.00787,73.4,0.916220490122,0.0,100,7716,99.48,80.582
07/24/2020 16:30,1.92913,73.526,0.918332596484,0.0,100,7716,99.47,80.618
07/24/2020 16:45,1.81102,73.58,0.918332596484,0.0,100,7719,99.45,80.744
07/24/2020 17:00,1.69291,73.58,0.920449571753,0.0,100,7715,99.44,80.834
07/24/2020 17:15,1.61417,73.58,0.922571427155,0.0,100,7716,99.43,80.852
07/24/2020 17:30,1.53543,73.58,0.922571427155,0.0,100,7715,99.42,80.906
07/24/2020 17:45,1.45669,73.616,0.924698173938,0.0,100,7716,99.41,80.924
07/24/2020 18:00,1.41732,73.76,0.926829823379,0.0,100,7715,99.41,80.924
07/24/2020 18:15,1.37795,73.76,0.92896638678,0.0,100,7716,99.41,80.96
07/24/2020 18:30,1.29921,73.85,0.92896638678,0.0,100,7714,99.4,80.996
07/24/2020 18:45,1.45669,73.94,0.92896638678,0.0,100,7716,99.41,80.96
07/24/2020 19:00,1.33858,73.94,0.933254300797,0.0,100,7715,99.43,80.87
07/24/2020 19:15,1.33858,73.94,0.935405674148,0.0,100,7714,99.44,80.798
07/24/2020 19:30,1.37795,73.94,0.937562006926,0.0,100,7716,99.45,80.672
07/24/2020 19:45,1.41732,74.03,0.937562006926,0.0,100,7715,99.46,80.582
07/24/2020 20:00,1.37795,74.12,0.939723310565,0.0,100,7715,99.47,80.456
07/24/2020 20:15,1.33858,74.12,0.941889596523,0.0,100,7715,99.48,80.204
07/24/2020 20:30,1.41732,74.12,0.941889596523,0.0,100,7719,99.49,79.952
07/24/2020 20:45,1.41732,74.12,0.944060876286,0.0,100,7715,99.5,79.808
07/24/2020 21:00,1.45669,74.12,0.946237161366,0.0,100,7715,99.52,79.646
07/24/2020 21:15,1.49606,74.12,0.950604793656,0.0,100,7716,99.54,79.448
07/24/2020 21:30,1.61417,74.12,0.952796164024,0.0,100,7715,99.55,79.16
07/24/2020 21:45,1.69291,74.084,0.954992586021,0.0,100,7715,99.56,78.89
07/24/2020 22:00,1.81102,73.958,0.957194071295,0.0,100,7713,99.58,78.674
07/24/2020 22:15,1.88976,73.94,0.957194071295,0.0,100,7716,99.59,78.44
07/24/2020 22:30,2.00787,73.94,0.957194071295,0.0,100,7713,99.58,78.26
07/24/2020 22:45,2.08661,73.904,0.957194071295,0.0,100,7714,99.58,78.116
07/24/2020 23:00,2.16535,73.76,0.957194071295,0.0,100,7713,99.58,77.918
07/24/2020 23:15,2.24409,73.76,0.954992586021,0.0,100,7715,99.58,77.756
07/24/2020 23:30,2.28346,73.616,0.963829023624,0.0,100,7713,99.58,77.594
07/24/2020 23:45,2.28346,73.58,0.979489985409,0.0,100,7713,99.58,77.432
07/25/2020 00:00,2.32283,73.58,0.988553094657,0.0,100,7713,99.58,77.27
07/25/2020 00:15,2.3622,73.58,0.990831944893,0.0,100,7578,99.57,77.882
07/25/2020 00:30,2.40157,73.58,0.997700063823,0.0,100,7662,99.57,77.702
07/25/2020 00:45,2.44094,73.418,1.00230523808,0.0,100,7669,99.57,77.27
07/25/2020 01:00,2.55905,73.31,1.00230523808,0.0,100,7671,99.56,77.0
07/25/2020 01:15,2.67716,73.22,1.0,0.0,100,7672,99.56,76.802
07/25/2020 01:30,2.71653,73.22,0.995405417352,0.0,100,7672,99.55,76.658
07/25/2020 01:45,2.83464,73.058,0.988553094657,0.0,100,7673,99.54,76.568
07/25/2020 02:00,2.95275,73.04,0.974989637717,0.0,100,7675,99.54,76.532
07/25/2020 02:15,2.83464,73.04,0.979489985409,0.0,100,7677,99.54,76.532
07/25/2020 02:30,2.79527,73.058,0.977237220956,0.0,100,7678,99.53,76.568
07/25/2020 02:45,2.95275,72.95,0.96605087899,0.0,100,7680,99.52,76.64
07/25/2020 03:00,2.95275,72.878,0.954992586021,0.0,100,7678,99.51,76.694
07/25/2020 03:15,2.87401,72.86,0.948418463301,0.0,100,7676,99.5,76.748
07/25/2020 03:30,2.79527,72.86,0.948418463301,0.0,100,7678,99.49,76.748
07/25/2020 03:45,2.79527,72.86,0.950604793656,0.0,100,7679,99.5,76.784
07/25/2020 04:00,2.7559,72.86,0.952796164024,0.0,100,7678,99.5,76.838
07/25/2020 04:15,2.71653,72.86,0.961612278384,0.0,100,7680,99.5,76.838
07/25/2020 04:30,2.71653,72.86,0.970509967245,0.0,100,7678,99.51,76.82
07/25/2020 04:45,2.63779,72.86,0.970509967245,0.0,100,7680,99.52,76.73
07/25/2020 05:00,2.59842,72.86,0.974989637717,0.0,100,7679,99.52,76.622
07/25/2020 05:15,2.67716,72.86,0.974989637717,0.0,100,7678,99.53,76.622
07/25/2020 05:30,2.7559,72.86,0.963829023624,0.0,100,7681,99.54,76.64
07/25/2020 05:45,2.67716,72.86,0.959400631516,0.0,100,7678,99.54,76.442
07/25/2020 06:00,2.79527,72.86,0.950604793656,0.0,100,7680,99.55,76.406
07/25/2020 06:15,2.63779,72.86,0.950604793656,0.0,100,7678,99.56,76.352
07/25/2020 06:30,2.59842,72.86,0.948418463301,0.0,100,7680,99.57,76.262
07/25/2020 06:45,2.63779,72.86,0.948418463301,0.0,100,7678,99.56,76.298
07/25/2020 07:00,2.67716,72.86,0.946237161366,0.0,100,7678,99.57,76.352
07/25/2020 07:15,2.7559,73.04,0.89949758153,0.0,100,7681,99.57,76.37
07/25/2020 07:30,1.88976,73.364,0.864967918776,0.0,100,7679,99.58,76.316
07/25/2020 07:45,1.77165,73.4,0.866961875758,0.0,100,7681,99.59,76.226
07/25/2020 08:00,1.88976,73.4,0.870963589956,0.0,100,7680,99.6,76.1
07/25/2020 08:15,1.9685,73.346,0.877000821144,0.0,100,7681,99.61,75.884
07/25/2020 08:30,2.12598,73.22,0.881048873008,0.0,100,7678,99.61,75.776
07/25/2020 08:45,2.16535,73.22,0.901571137606,0.0,100,7681,99.61,75.704
07/25/2020 09:00,2.20472,73.22,0.924698173938,0.0,100,7681,99.6,75.74
07/25/2020 09:15,2.16535,73.22,0.954992586021,0.0,100,7680,99.6,75.902
07/25/2020 09:30,2.08661,73.22,0.979489985409,0.0,100,7678,99.59,76.082
07/25/2020 09:45,2.04724,73.22,1.00230523808,0.0,100,7677,99.57,76.226
07/25/2020 10:00,2.12598,73.22,1.00230523808,0.0,100,7677,99.58,76.316
07/25/2020 10:15,2.24409,73.22,1.00693166885,0.0,100,7678,99.58,76.424
07/25/2020 10:30,2.3622,73.22,0.984011105761,0.0,100,7678,99.57,76.55
07/25/2020 10:45,2.12598,73.292,0.941889596523,0.0,100,7681,99.57,76.748
07/25/2020 11:00,1.81102,73.526,0.939723310565,0.0,100,7679,99.57,76.946
07/25/2020 11:15,1.65354,73.58,0.939723310565,0.0,100,7680,99.56,77.162
07/25/2020 11:30,1.5748,73.76,0.939723310565,0.0,100,7676,99.55,77.504
07/25/2020 11:45,1.69291,74.282,0.909913272632,0.0,100,7680,99.55,77.954
07/25/2020 12:00,0.94488,75.326,0.905732600898,0.0,100,7681,99.54,78.368
07/25/2020 12:15,0.70866,75.632,0.909913272632,0.0,100,7681,99.53,78.764
07/25/2020 12:30,0.7874,75.74,0.912010839356,0.0,100,7681,99.52,79.16
07/25/2020 12:45,0.7874,75.74,0.91411324147,0.0,100,7680,99.52,79.52
07/25/2020 13:00,1.10236,75.74,0.912010839356,0.0,100,7681,99.53,79.736
07/25/2020 13:15,1.49606,77.648,0.887156012038,0.0,100,7680,99.53,79.97
07/25/2020 13:30,1.37795,80.474,0.849180475036,0.0,100,7680,99.52,80.186
07/25/2020 13:45,2.20472,79.97,0.855066712885,0.0,100,7681,99.52,80.312
07/25/2020 14:00,2.7559,79.502,0.870963589956,0.0,100,7681,99.51,80.546
07/25/2020 14:15,2.79527,78.926,0.889201117858,0.0,100,7681,99.51,80.672
07/25/2020 14:30,2.79527,78.44,0.897428794501,0.0,100,7682,99.51,80.816
07/25/2020 14:45,2.71653,78.062,0.89949758153,0.0,100,7684,99.5,80.87
07/25/2020 15:00,2.67716,77.738,0.905732600898,0.0,100,7678,99.5,80.906
07/25/2020 15:15,2.7559,77.45,0.907820530178,0.0,100,7680,99.49,80.96
07/25/2020 15:30,2.91338,77.198,0.905732600898,0.0,100,7681,99.47,81.05
07/25/2020 15:45,2.95275,76.964,0.89949758153,0.0,100,7681,99.46,81.086
07/25/2020 16:00,3.07086,76.766,0.893305483733,0.0,100,7681,99.45,81.212
07/25/2020 16:15,3.1496,76.622,0.885115609831,0.0,100,7681,99.44,81.32
07/25/2020 16:30,3.18897,76.46,0.883079900419,0.0,100,7681,99.43,81.428
07/25/2020 16:45,3.22834,76.298,0.879022516831,0.0,100,7679,99.43,81.518
07/25/2020 17:00,3.18897,76.28,0.874983775227,0.0,100,7681,99.43,81.59
07/25/2020 17:15,3.11023,76.136,0.874983775227,0.0,100,7681,99.43,81.536
07/25/2020 17:30,3.11023,76.1,0.877000821144,0.0,100,7681,99.42,81.536
07/25/2020 17:45,3.07086,76.082,0.879022516831,0.0,100,7681,99.41,81.572
07/25/2020 18:00,3.1496,76.046,0.879022516831,0.0,100,7680,99.41,81.572
07/25/2020 18:15,2.91338,76.1,0.883079900419,0.0,100,7681,99.42,81.608
07/25/2020 18:30,2.67716,76.262,0.885115609831,0.0,100,7680,99.41,81.626
07/25/2020 18:45,2.59842,76.28,0.889201117858,0.0,100,7678,99.42,81.59
07/25/2020 19:00,2.59842,76.28,0.893305483733,0.0,100,7682,99.42,81.446
07/25/2020 19:15,2.59842,76.28,0.897428794501,0.0,100,7680,99.42,81.32
07/25/2020 19:30,2.59842,76.28,0.903649473722,0.0,100,7678,99.43,81.176
07/25/2020 19:45,2.63779,76.262,0.905732600898,0.0,100,7682,99.44,81.032
07/25/2020 20:00,2.71653,76.1,0.909913272632,0.0,100,7680,99.45,80.834
07/25/2020 20:15,2.7559,76.1,0.907820530178,0.0,100,7680,99.45,80.582
07/25/2020 20:30,2.87401,76.064,0.909913272632,0.0,100,7680,99.47,80.312
07/25/2020 20:45,3.03149,75.92,0.907820530178,0.0,100,7681,99.48,80.06
07/25/2020 21:00,3.1496,75.884,0.91411324147,0.0,100,7681,99.49,79.808
07/25/2020 21:15,3.34645,75.74,0.922571427155,0.0,100,7679,99.51,79.574
07/25/2020 21:30,3.46456,75.614,0.926829823379,0.0,100,7682,99.52,79.376
07/25/2020 21:45,3.62204,75.56,0.931107875468,0.0,100,7678,99.54,79.124
07/25/2020 22:00,3.5433,75.398,0.933254300797,0.0,100,7678,99.55,78.854
07/25/2020 22:15,3.62204,75.254,0.933254300797,0.0,100,7678,99.56,78.71
07/25/2020 22:30,3.5433,75.2,0.933254300797,0.0,100,7680,99.56,78.602
07/25/2020 22:45,3.58267,75.02,0.933254300797,0.0,100,7680,99.57,78.422
07/25/2020 23:00,3.5433,74.894,0.935405674148,0.0,100,7679,99.57,78.278
07/25/2020 23:15,3.58267,74.84,0.935405674148,0.0,100,7677,99.57,78.206
07/25/2020 23:30,3.70078,74.714,0.944060876286,0.0,100,7677,99.57,78.134
07/25/2020 23:45,3.85826,74.642,0.944060876286,0.0,100,7679,99.58,78.026
07/26/2020 00:00,3.937,74.318,0.941889596523,0.0,100,7678,99.58,77.918
07/26/2020 00:15,3.77952,74.3,0.939723310565,0.0,100,7545,99.58,78.53
07/26/2020 00:30,3.70078,74.138,0.941889596523,0.0,100,7630,99.58,78.368
07/26/2020 00:45,3.74015,74.03,0.944060876286,0.0,100,7634,99.58,77.918
07/26/2020 01:00,3.66141,73.94,0.946237161366,0.0,100,7637,99.57,77.684
07/26/2020 01:15,3.62204,73.904,0.944060876286,0.0,100,7638,99.56,77.486
07/26/2020 01:30,3.62204,73.76,0.944060876286,0.0,100,7639,99.55,77.288
07/26/2020 01:45,3.46456,73.742,0.946237161366,0.0,100,7640,99.54,77.162
07/26/2020 02:00,3.70078,73.688,0.939723310565,0.0,100,7644,99.54,77.036
07/26/2020 02:15,3.22834,73.868,0.937562006926,0.0,100,7645,99.53,76.946
07/26/2020 02:30,2.99212,73.94,0.939723310565,0.0,100,7643,99.53,76.856
07/26/2020 02:45,2.99212,73.94,0.939723310565,0.0,100,7642,99.52,76.82
07/26/2020 03:00,3.03149,73.814,0.937562006926,0.0,100,7647,99.52,76.748
07/26/2020 03:15,3.11023,73.76,0.933254300797,0.0,100,7643,99.51,76.676
07/26/2020 03:30,3.1496,73.634,0.92896638678,0.0,100,7643,99.5,76.622
07/26/2020 03:45,3.18897,73.58,0.926829823379,0.0,100,7644,99.49,76.55
07/26/2020 04:00,3.22834,73.544,0.926829823379,0.0,100,7646,99.49,76.442
07/26/2020 04:15,3.22834,73.4,0.92896638678,0.0,100,7645,99.48,76.352
07/26/2020 04:30,3.30708,73.346,0.933254300797,0.0,100,7647,99.49,76.226
07/26/2020 04:45,3.42519,73.22,0.931107875468,0.0,100,7644,99.48,76.19
07/26/2020 05:00,3.5433,73.22,0.926829823379,0.0,100,7647,99.48,76.172
07/26/2020 05:15,3.70078,73.04,0.922571427155,0.0,100,7645,99.49,76.19
07/26/2020 05:30,3.77952,73.04,0.920449571753,0.0,100,7647,99.5,76.172
07/26/2020 05:45,3.74015,73.04,0.922571427155,0.0,100,7645,99.5,76.262
07/26/2020 06:00,3.70078,73.04,0.933254300797,0.0,100,7647,99.5,76.334
07/26/2020 06:15,3.70078,73.04,0.916220490122,0.0,100,7645,99.5,76.442
07/26/2020 06:30,3.77952,73.04,0.91411324147,0.0,100,7646,99.52,76.478
07/26/2020 06:45,3.70078,73.04,0.91411324147,0.0,100,7646,99.53,76.514
07/26/2020 07:00,3.70078,73.04,0.912010839356,0.0,100,7643,99.54,76.658
07/26/2020 07:15,3.85826,73.238,0.866961875758,0.0,100,7643,99.54,76.694
07/26/2020 07:30,3.30708,73.94,0.776247116629,0.0,100,7646,99.56,76.604
07/26/2020 07:45,2.48031,74.12,0.774461797803,0.0,100,7647,99.57,76.496
07/26/2020 08:00,2.51968,74.12,0.779830110523,0.0,100,7647,99.58,76.496
07/26/2020 08:15,2.59842,74.12,0.787045789695,0.0,100,7645,99.58,76.442
07/26/2020 08:30,2.67716,73.976,0.797994687268,0.0,100,7646,99.59,76.388
07/26/2020 08:45,2.7559,73.94,0.812830516164,0.0,100,7644,99.59,76.388
07/26/2020 09:00,2.7559,73.94,0.843334757764,0.0,100,7646,99.58,76.316
07/26/2020 09:15,2.79527,73.94,0.862978547767,0.0,100,7647,99.57,76.298
07/26/2020 09:30,2.83464,73.94,0.889201117858,0.0,100,7649,99.56,76.496
07/26/2020 09:45,2.91338,73.832,0.924698173938,0.0,100,7647,99.56,76.622
07/26/2020 10:00,2.87401,73.904,0.954992586021,0.0,100,7646,99.56,76.604
07/26/2020 10:15,2.91338,73.76,0.977237220956,0.0,100,7647,99.56,76.694
07/26/2020 10:30,2.95275,73.76,0.997700063823,0.0,100,7644,99.57,76.874
07/26/2020 10:45,2.91338,73.76,1.02565192625,0.0,100,7648,99.57,77.216
07/26/2020 11:00,2.95275,73.76,1.04712854805,0.0,100,7647,99.57,77.594
07/26/2020 11:15,2.95275,73.76,1.06659612123,0.0,100,7647,99.57,77.972
07/26/2020 11:30,3.07086,73.76,1.08392691402,0.0,100,7647,99.58,78.386
07/26/2020 11:45,3.1496,73.76,1.07151930524,0.0,100,7647,99.58,78.764
07/26/2020 12:00,3.07086,73.76,1.06905487922,0.0,100,7646,99.57,79.016
07/26/2020 12:15,2.99212,73.76,1.07398941234,0.0,100,7645,99.56,79.304
07/26/2020 12:30,2.95275,73.94,1.06905487922,0.0,100,7647,99.55,79.538
07/26/2020 12:45,2.95275,73.778,1.06659612123,0.0,100,7644,99.54,79.79
07/26/2020 13:00,2.95275,73.94,1.05925372518,0.0,100,7647,99.54,80.042
07/26/2020 13:15,2.55905,76.028,0.959400631516,0.0,100,7644,99.53,80.402
07/26/2020 13:30,0.43307,79.538,0.874983775227,0.0,100,7646,99.53,80.69
07/26/2020 13:45,0.59055,79.304,0.887156012038,0.0,100,7650,99.52,80.798
07/26/2020 14:00,1.77165,78.89,0.897428794501,0.0,100,7645,99.51,80.924
07/26/2020 14:15,2.20472,78.53,0.905732600898,0.0,100,7648,99.52,81.014
07/26/2020 14:30,2.51968,78.17,0.907820530178,0.0,100,7647,99.53,81.14
07/26/2020 14:45,2.7559,77.846,0.912010839356,0.0,100,7647,99.53,81.23
07/26/2020 15:00,2.99212,77.594,0.912010839356,0.0,100,7647,99.52,81.248
07/26/2020 15:15,3.07086,77.306,0.909913272632,0.0,100,7649,99.52,81.212
07/26/2020 15:30,2.95275,77.072,0.909913272632,0.0,100,7647,99.5,81.248
07/26/2020 15:45,3.11023,76.892,0.905732600898,0.0,100,7647,99.5,81.302
07/26/2020 16:00,3.26771,76.694,0.903649473722,0.0,100,7646,99.5,81.338
07/26/2020 16:15,3.46456,76.568,0.901571137606,0.0,100,7647,99.51,81.428
07/26/2020 16:30,3.46456,76.46,0.89949758153,0.0,100,7651,99.51,81.392
07/26/2020 16:45,3.30708,76.334,0.89949758153,0.0,100,7648,99.51,81.338
07/26/2020 17:00,3.34645,76.28,0.89949758153,0.0,100,7648,99.5,81.266
07/26/2020 17:15,3.34645,76.28,0.901571137606,0.0,100,7647,99.49,81.248
07/26/2020 17:30,3.34645,76.19,0.907820530178,0.0,100,7653,99.49,81.23
07/26/2020 17:45,3.26771,76.1,0.91411324147,0.0,100,7650,99.48,81.176
07/26/2020 18:00,3.30708,76.1,0.91411324147,0.0,100,7650,99.47,81.104
07/26/2020 18:15,3.30708,76.1,0.918332596484,0.0,100,7648,99.47,81.104
07/26/2020 18:30,3.30708,76.01,0.922571427155,0.0,100,7646,99.47,81.104
07/26/2020 18:45,3.42519,75.92,0.924698173938,0.0,100,7647,99.48,81.104
07/26/2020 19:00,3.42519,75.92,0.926829823379,0.0,100,7647,99.48,81.032
07/26/2020 19:15,3.5433,76.082,0.916220490122,0.0,100,7648,99.49,80.96
07/26/2020 19:30,3.22834,76.262,0.916220490122,0.0,100,7647,99.49,80.87
07/26/2020 19:45,3.46456,76.28,0.920449571753,0.0,100,7647,99.5,80.816
07/26/2020 20:00,3.50393,76.28,0.922571427155,0.0,100,7647,99.51,80.708
07/26/2020 20:15,3.46456,76.28,0.926829823379,0.0,100,7647,99.51,80.456
07/26/2020 20:30,3.46456,76.28,0.931107875468,0.0,100,7647,99.51,80.204
07/26/2020 20:45,3.50393,76.28,0.935405674148,0.0,100,7649,99.52,79.952
07/26/2020 21:00,3.34645,76.226,0.946237161366,0.0,100,7645,99.53,79.736
07/26/2020 21:15,3.50393,76.1,0.963829023624,0.0,100,7646,99.54,79.538
07/26/2020 21:30,3.66141,75.974,0.988553094657,0.0,100,7646,99.56,79.376
07/26/2020 21:45,3.81889,75.92,1.00693166885,0.0,100,7651,99.57,79.16
07/26/2020 22:00,3.81889,75.92,1.02329299228,0.0,100,7647,99.56,78.854
07/26/2020 22:15,3.77952,75.92,1.04954242865,0.0,100,7647,99.57,78.692
07/26/2020 22:30,3.74015,75.92,1.05681750921,0.0,100,7646,99.57,78.602
07/26/2020 22:45,3.70078,75.758,1.05925372518,0.0,100,7648,99.57,78.53
07/26/2020 23:00,3.58267,75.74,1.0616955572,0.0,100,7647,99.58,78.494
07/26/2020 23:15,3.66141,75.74,1.0616955572,0.0,100,7650,99.58,78.494
07/26/2020 23:30,3.66141,75.722,1.0616955572,0.0,100,7646,99.57,78.494
07/26/2020 23:45,3.74015,75.56,1.05925372518,0.0,100,7648,99.57,78.476
07/27/2020 00:00,4.37007,75.506,1.05681750921,0.0,100,7647,99.57,78.458
07/27/2020 00:15,4.48818,75.398,1.05681750921,0.0,100,7514,99.56,79.178
07/27/2020 00:30,4.17322,75.56,1.05196187382,0.0,100,7599,99.55,79.142
07/27/2020 00:45,3.89763,75.578,1.05438689639,0.0,100,7605,99.54,78.818
07/27/2020 01:00,3.50393,75.74,1.05438689639,0.0,100,7609,99.54,78.674
07/27/2020 01:15,3.22834,75.74,1.05681750921,0.0,100,7609,99.52,78.62
07/27/2020 01:30,3.07086,75.74,1.06414301822,0.0,100,7610,99.51,78.548
07/27/2020 01:45,3.22834,75.74,1.06905487922,0.0,100,7612,99.49,78.44
07/27/2020 02:00,3.66141,75.578,1.02801629813,0.0,100,7610,99.48,78.368
07/27/2020 02:15,3.58267,75.56,1.02801629813,0.0,100,7614,99.47,78.368
07/27/2020 02:30,3.46456,75.56,1.02801629813,0.0,100,7616,99.46,78.332
07/27/2020 02:45,3.30708,75.56,1.03276140576,0.0,100,7618,99.46,78.278
07/27/2020 03:00,3.26771,75.56,1.04712854805,0.0,100,7614,99.46,78.188
07/27/2020 03:15,3.26771,75.56,1.07151930524,0.0,100,7615,99.46,78.062
07/27/2020 03:30,3.26771,75.56,1.08392691402,0.0,100,7615,99.45,78.062
07/27/2020 03:45,3.30708,75.56,1.08893009333,0.0,100,7616,99.43,78.098
07/27/2020 04:00,3.22834,75.56,1.09647819614,0.0,100,7615,99.43,78.098
07/27/2020 04:15,3.26771,75.398,1.1040786199,0.0,100,7616,99.42,78.08
07/27/2020 04:30,3.26771,75.38,1.10917481526,0.0,100,7615,99.43,78.08
07/27/2020 04:45,3.22834,75.38,1.11686324778,0.0,100,7616,99.44,78.044
07/27/2020 05:00,3.26771,75.38,1.1220184543,0.0,100,7614,99.44,78.026
07/27/2020 05:15,3.30708,75.38,1.12979591467,0.0,100,7618,99.44,78.008
07/27/2020 05:30,3.66141,75.344,1.12719745618,0.0,100,7615,99.45,77.864
07/27/2020 05:45,3.81889,75.2,1.11943788347,0.0,100,7615,99.48,77.702
07/27/2020 06:00,4.17322,75.182,1.10662378398,0.0,100,7617,99.5,77.63
07/27/2020 06:15,4.13385,74.912,1.07398941234,0.0,100,7614,99.51,77.522
07/27/2020 06:30,3.77952,74.84,1.06905487922,0.0,100,7615,99.53,77.378
07/27/2020 06:45,3.70078,74.84,1.05438689639,0.0,100,7614,99.55,77.288
07/27/2020 07:00,3.5433,74.84,1.06905487922,0.0,100,7617,99.56,77.162
07/27/2020 07:15,3.50393,74.84,1.06659612123,0.0,100,7612,99.56,77.162
07/27/2020 07:30,3.77952,74.732,1.06659612123,0.0,100,7617,99.56,77.108
07/27/2020 07:45,3.81889,74.66,1.04472021922,0.0,100,7614,99.57,77.054
07/27/2020 08:00,3.81889,74.66,1.03752841582,0.0,100,7617,99.57,77.126
07/27/2020 08:15,3.74015,74.66,1.03752841582,0.0,100,7617,99.58,77.162
07/27/2020 08:30,3.62204,74.66,1.04231742939,0.0,100,7615,99.59,77.162
07/27/2020 08:45,3.50393,74.66,1.07151930524,0.0,100,7617,99.6,77.198
07/27/2020 09:00,3.46456,74.66,1.09395636627,0.0,100,7615,99.61,77.216
07/27/2020 09:15,3.50393,74.66,1.10917481526,0.0,100,7617,99.61,77.252
07/27/2020 09:30,3.58267,74.66,1.1220184543,0.0,100,7616,99.62,77.306
07/27/2020 09:45,3.5433,74.66,1.13762728582,0.0,100,7614,99.62,77.324
07/27/2020 10:00,3.46456,74.66,1.1481536215,0.0,100,7615,99.62,77.306
07/27/2020 10:15,3.50393,74.66,1.16144861384,0.0,100,7615,99.63,77.342
07/27/2020 10:30,3.5433,74.66,1.16949939102,0.0,100,7616,99.63,77.324
07/27/2020 10:45,3.46456,74.66,1.17489755494,0.0,100,7615,99.62,77.378
07/27/2020 11:00,3.46456,74.66,1.18032063565,0.0,100,7614,99.6,77.342
07/27/2020 11:15,3.46456,74.642,1.18304155573,0.0,100,7615,99.59,77.45
07/27/2020 11:30,3.5433,74.354,1.17760597352,0.0,100,7615,99.58,77.666
07/27/2020 11:45,3.5433,74.3,1.17489755494,0.0,100,7616,99.57,77.954
07/27/2020 12:00,3.58267,74.3,1.16680961706,0.0,100,7616,99.56,78.242
07/27/2020 12:15,3.58267,74.3,1.15877735616,0.0,100,7615,99.54,78.656
07/27/2020 12:30,3.62204,74.3,1.1481536215,0.0,100,7617,99.54,78.998
07/27/2020 12:45,3.62204,74.3,1.14024978756,0.0,100,7615,99.53,79.448
07/27/2020 13:00,3.62204,74.174,1.14287833479,0.0,100,7615,99.52,79.916
07/27/2020 13:15,3.46456,74.3,1.24738351424,0.0,100,7615,99.51,80.222
07/27/2020 13:30,3.46456,74.3,1.27643880881,0.0,100,7619,99.5,80.528
07/27/2020 13:45,3.46456,74.246,1.28233058266,0.0,100,7618,99.48,80.762
07/27/2020 14:00,3.50393,74.192,1.28824955169,0.0,100,7618,99.48,80.924
07/27/2020 14:15,3.42519,74.282,1.30016957803,0.0,100,7615,99.47,80.996
07/27/2020 14:30,3.30708,74.3,1.31522483219,0.0,100,7617,99.45,81.104
07/27/2020 14:45,3.22834,74.3,1.32739445773,0.0,100,7617,99.43,81.266
07/27/2020 15:00,3.18897,74.3,1.33659551655,0.0,100,7617,99.42,81.374
07/27/2020 15:15,3.18897,74.3,1.34896288259,0.0,100,7616,99.43,81.464
07/27/2020 15:30,3.18897,74.3,1.35831344659,0.0,100,7618,99.42,81.428
07/27/2020 15:45,3.18897,74.3,1.3803842646,0.0,100,7619,99.42,81.356
07/27/2020 16:00,3.1496,74.3,1.39958732257,0.0,100,7618,99.43,81.284
07/27/2020 16:15,3.22834,74.3,1.40604752413,0.0,100,7620,99.43,81.122
07/27/2020 16:30,3.18897,74.3,1.42232878712,0.0,100,7616,99.43,81.014
07/27/2020 16:45,3.18897,74.3,1.4256075936,0.0,100,7618,99.42,80.978
07/27/2020 17:00,3.1496,74.3,1.42889395851,0.0,100,7615,99.41,80.996
07/27/2020 17:15,3.1496,74.3,1.43218789927,0.0,100,7618,99.4,80.996
07/27/2020 17:30,3.03149,74.3,1.43879857826,0.0,100,7618,99.38,81.05
07/27/2020 17:45,2.99212,74.3,1.44543977075,0.0,100,7619,99.37,81.176
07/27/2020 18:00,2.99212,74.3,1.44877185354,0.0,100,7616,99.38,81.266
07/27/2020 18:15,2.95275,74.462,1.45545908058,0.0,100,7618,99.38,81.356
07/27/2020 18:30,2.91338,74.66,1.45881426028,0.0,100,7618,99.38,81.446
07/27/2020 18:45,2.87401,74.66,1.46217717446,0.0,100,7618,99.39,81.392
07/27/2020 19:00,2.87401,74.66,1.46217717446,0.0,100,7618,99.39,81.338
07/27/2020 19:15,3.22834,74.804,1.38356637897,0.0,100,7616,99.4,81.212
07/27/2020 19:30,3.07086,74.984,1.36144468247,0.0,100,7619,99.42,81.122
07/27/2020 19:45,2.91338,75.146,1.37088176616,0.0,100,7620,99.42,81.014
07/27/2020 20:00,2.83464,75.2,1.37404197501,0.0,100,7618,99.43,80.87
07/27/2020 20:15,2.71653,75.362,1.3803842646,0.0,100,7618,99.43,80.6
07/27/2020 20:30,2.67716,75.38,1.38675582887,0.0,100,7618,99.44,80.366
07/27/2020 20:45,2.67716,75.38,1.38995263121,0.0,100,7616,99.44,80.222
07/27/2020 21:00,2.71653,75.38,1.38995263121,0.0,100,7618,99.44,80.06
07/27/2020 21:15,2.79527,75.38,1.39315680295,0.0,100,7615,99.44,79.844
07/27/2020 21:30,2.83464,75.38,1.39636836106,0.0,100,7618,99.46,79.574
07/27/2020 21:45,2.87401,75.326,1.40604752413,0.0,100,7618,99.46,79.286
07/27/2020 22:00,2.87401,75.344,1.41905752169,0.0,100,7618,99.46,79.106
07/27/2020 22:15,2.83464,75.38,1.43218789927,0.0,100,7618,99.46,78.98
07/27/2020 22:30,2.83464,75.38,1.44543977075,0.0,100,7618,99.47,78.836
07/27/2020 22:45,2.87401,75.38,1.45545908058,0.0,100,7618,99.46,78.692
07/27/2020 23:00,2.91338,75.362,1.46554784096,0.0,100,7618,99.46,78.584
07/27/2020 23:15,3.03149,75.2,1.47570653328,0.0,100,7616,99.45,78.512
07/27/2020 23:30,3.03149,75.2,1.47570653328,0.0,100,7617,99.44,78.458
07/27/2020 23:45,3.07086,75.2,1.47231250243,0.0,100,7617,99.43,78.458
07/28/2020 00:00,3.18897,75.182,1.46892627764,0.0,100,7618,99.44,78.404
07/28/2020 00:15,3.26771,75.038,1.47231250243,0.0,99,7484,99.43,79.106
07/28/2020 00:30,3.30708,75.02,1.46217717446,0.0,100,7567,99.43,79.052
07/28/2020 00:45,3.30708,74.948,1.44211535152,0.0,100,7574,99.42,78.638
07/28/2020 01:00,3.30708,74.84,1.42889395851,0.0,100,7578,99.41,78.386
07/28/2020 01:15,3.34645,74.84,1.40928879842,0.0,100,7579,99.4,78.242
07/28/2020 01:30,3.38582,74.786,1.40604752413,0.0,100,7580,99.39,78.188
07/28/2020 01:45,3.50393,74.66,1.40604752413,0.0,100,7580,99.39,78.152
07/28/2020 02:00,3.66141,74.696,1.35831344659,0.0,100,7586,99.38,78.134
07/28/2020 02:15,3.5433,74.84,1.309181923,0.0,100,7586,99.38,78.242
07/28/2020 02:30,3.42519,74.84,1.309181923,0.0,100,7586,99.37,78.332
07/28/2020 02:45,3.34645,74.84,1.31522483219,0.0,100,7585,99.37,78.296
07/28/2020 03:00,3.34645,74.84,1.32129563419,0.0,100,7586,99.36,78.206
07/28/2020 03:15,3.50393,74.804,1.30016957803,0.0,100,7586,99.36,78.098
07/28/2020 03:30,3.5433,74.66,1.29717927098,0.0,100,7587,99.36,77.972
07/28/2020 03:45,3.5433,74.66,1.30617088813,0.0,100,7588,99.36,77.81
07/28/2020 04:00,3.58267,74.66,1.30316677845,0.0,100,7587,99.36,77.684
07/28/2020 04:15,3.62204,74.66,1.30316677845,0.0,100,7587,99.36,77.612
07/28/2020 04:30,3.74015,74.642,1.309181923,0.0,100,7587,99.37,77.594
07/28/2020 04:45,3.74015,74.408,1.31522483219,0.0,100,7588,99.38,77.522
07/28/2020 05:00,3.85826,74.3,1.32129563419,0.0,100,7587,99.39,77.396
07/28/2020 05:15,4.05511,74.3,1.32129563419,0.0,98,7464,99.4,77.288
07/28/2020 05:30,4.25196,74.3,1.309181923,0.0,100,7587,99.4,77.216
07/28/2020 05:45,4.21259,74.282,1.309181923,0.0,100,7586,99.41,77.09
07/28/2020 06:00,4.56692,74.12,1.29717927098,0.0,100,7585,99.42,76.964
07/28/2020 06:15,4.52755,74.084,1.27643880881,0.0,100,7587,99.43,76.892
07/28/2020 06:30,4.52755,73.958,1.27350308102,0.0,100,7587,99.44,76.838
07/28/2020 06:45,4.52755,73.94,1.27057410521,0.0,100,7586,99.45,76.766
07/28/2020 07:00,4.56692,73.94,1.27350308102,0.0,100,7584,99.46,76.622
07/28/2020 07:15,4.60629,73.994,1.18032063565,0.0,100,7583,99.47,76.55
07/28/2020 07:30,4.25196,74.264,0.963829023624,0.0,100,7587,99.48,76.658
07/28/2020 07:45,3.58267,74.318,0.948418463301,0.0,100,7585,99.49,76.784
07/28/2020 08:00,3.70078,74.318,1.00461579028,0.0,100,7586,99.5,76.748
07/28/2020 08:15,3.74015,74.318,1.05196187382,0.0,100,7586,99.5,76.766
07/28/2020 08:30,3.70078,74.318,1.13501081567,0.0,100,7586,99.51,76.784
07/28/2020 08:45,3.70078,74.3,1.20781383511,0.0,100,7584,99.52,76.766
07/28/2020 09:00,3.77952,74.3,1.25602996369,0.0,100,7586,99.54,76.766
07/28/2020 09:15,3.85826,74.3,1.29717927098,0.0,100,7587,99.54,76.766
07/28/2020 09:30,3.89763,74.3,1.33045441798,0.0,100,7587,99.54,76.82
07/28/2020 09:45,3.89763,74.336,1.34896288259,0.0,100,7587,99.54,76.928
07/28/2020 10:00,3.77952,74.66,1.38356637897,0.0,100,7588,99.54,76.982
07/28/2020 10:15,3.66141,74.66,1.40604752413,0.0,100,7588,99.54,76.946
07/28/2020 10:30,3.58267,74.372,1.16949939102,0.0,100,7591,99.53,77.072
07/28/2020 10:45,2.71653,74.264,1.28233058266,0.0,100,7593,99.52,77.558
07/28/2020 11:00,2.71653,74.12,1.30016957803,0.0,100,7592,99.52,77.882
07/28/2020 11:15,2.67716,74.12,1.31522483219,0.0,100,7587,99.52,78.062
07/28/2020 11:30,2.55905,74.12,1.31522483219,0.0,100,7586,99.52,78.134
07/28/2020 11:45,2.59842,74.12,1.33045441798,0.0,100,7587,99.51,78.206
07/28/2020 12:00,2.63779,74.12,1.35831344659,0.0,100,7585,99.49,78.35
07/28/2020 12:15,2.67716,74.12,1.37088176616,0.0,100,7587,99.48,78.638
07/28/2020 12:30,2.67716,74.12,1.37720946889,0.0,100,7585,99.47,78.872
07/28/2020 12:45,2.71653,74.12,1.38356637897,0.0,100,7589,99.47,79.07
07/28/2020 13:00,2.71653,74.102,1.39315680295,0.0,100,7589,99.47,79.34
07/28/2020 13:15,3.1496,75.65,1.32739445773,0.0,100,7586,99.47,79.556
07/28/2020 13:30,2.7559,78.494,1.29121927361,0.0,100,7588,99.46,79.718
07/28/2020 13:45,2.59842,78.44,1.33967668743,0.0,100,7586,99.45,79.862
07/28/2020 14:00,2.59842,78.296,1.34896288259,0.0,100,7585,99.44,80.024
07/28/2020 14:15,2.59842,78.062,1.35518941235,0.0,100,7586,99.44,80.168
07/28/2020 14:30,2.63779,77.81,1.36458313659,0.0,100,7589,99.43,80.276
07/28/2020 14:45,2.59842,77.558,1.37720946889,0.0,100,7590,99.43,80.42
07/28/2020 15:00,2.59842,77.27,1.38356637897,0.0,100,7589,99.42,80.528
07/28/2020 15:15,2.63779,77.054,1.37404197501,0.0,100,7590,99.4,80.618
07/28/2020 15:30,2.63779,76.874,1.37720946889,0.0,100,7589,99.38,80.69
07/28/2020 15:45,2.63779,76.622,1.38356637897,0.0,100,7590,99.37,80.816
07/28/2020 16:00,2.59842,76.442,1.3803842646,0.0,100,7586,99.36,80.906
07/28/2020 16:15,2.59842,76.28,1.37404197501,0.0,100,7587,99.36,81.014
07/28/2020 16:30,2.63779,76.118,1.3677288256,0.0,100,7590,99.35,81.086
07/28/2020 16:45,2.63779,76.028,1.36458313659,0.0,100,7589,99.34,81.176
07/28/2020 17:00,2.63779,75.92,1.36144468247,0.0,100,7590,99.33,81.23
07/28/2020 17:15,2.59842,75.848,1.34896288259,0.0,100,7589,99.33,81.158
07/28/2020 17:30,2.63779,75.74,1.34586035406,0.0,100,7587,99.32,81.176
07/28/2020 17:45,2.63779,75.74,1.35207256319,0.0,100,7590,99.31,81.176
07/28/2020 18:00,2.63779,75.74,1.34896288259,0.0,100,7592,99.32,81.23
07/28/2020 18:15,2.67716,75.65,1.34276496114,0.0,100,7587,99.31,81.302
07/28/2020 18:30,2.67716,75.56,1.33967668743,0.0,100,7590,99.3,81.266
07/28/2020 18:45,2.83464,75.614,1.34896288259,0.0,100,7587,99.31,81.266
07/28/2020 19:00,2.71653,75.758,1.36458313659,0.0,100,7587,99.31,81.212
07/28/2020 19:15,2.63779,75.92,1.36458313659,0.0,100,7587,99.31,81.086
07/28/2020 19:30,2.63779,76.028,1.36458313659,0.0,100,7590,99.31,80.978
07/28/2020 19:45,2.59842,76.1,1.37088176616,0.0,100,7590,99.32,80.87
07/28/2020 20:00,2.59842,76.1,1.37404197501,0.0,100,7588,99.33,80.636
07/28/2020 20:15,2.59842,76.1,1.3803842646,0.0,100,7589,99.34,80.33
07/28/2020 20:30,2.59842,76.118,1.41905752169,0.0,100,7590,99.36,80.096
07/28/2020 20:45,2.63779,76.37,1.54525443954,0.0,100,7588,99.37,79.79
07/28/2020 21:00,2.59842,76.46,1.59587914724,0.0,100,7587,99.37,79.448
07/28/2020 21:15,2.63779,76.46,1.65196179823,0.0,100,7589,99.36,79.106
07/28/2020 21:30,2.63779,76.298,1.69044093164,0.0,100,7589,99.37,78.836
07/28/2020 21:45,2.63779,76.28,1.71001531509,0.0,100,7587,99.39,78.674
07/28/2020 22:00,2.55905,76.19,1.72981635922,0.0,100,7589,99.4,78.566
07/28/2020 22:15,2.59842,76.1,1.74180687339,0.0,100,7584,99.4,78.53
07/28/2020 22:30,2.55905,75.974,1.74582215292,0.0,100,7588,99.4,78.494
07/28/2020 22:45,2.55905,75.92,1.75388050184,0.0,100,7586,99.4,78.494
07/28/2020 23:00,2.55905,75.92,1.75792361396,0.0,100,7591,99.41,78.422
07/28/2020 23:15,2.55905,75.83,1.76197604641,0.0,100,7588,99.41,78.35
07/28/2020 23:30,2.55905,75.74,1.77010895832,0.0,100,7587,99.42,78.26
07/28/2020 23:45,2.55905,75.722,1.76603782069,0.0,100,7587,99.42,78.206
07/29/2020 00:00,2.55905,75.56,1.76603782069,0.0,100,7584,99.42,78.134
07/29/2020 00:15,2.59842,75.56,1.75792361396,0.0,98,7454,99.42,78.836
07/29/2020 00:30,2.55905,75.47,1.75388050184,0.0,100,7542,99.41,78.728
07/29/2020 00:45,2.59842,75.38,1.74984668862,0.0,100,7545,99.41,78.422
07/29/2020 01:00,2.55905,75.38,1.75388050184,0.0,100,7551,99.41,78.278
07/29/2020 01:15,2.59842,75.254,1.74582215292,0.0,100,7550,99.41,78.17
07/29/2020 01:30,2.59842,75.2,1.72583789199,0.0,100,7553,99.4,78.008
07/29/2020 01:45,2.67716,75.074,1.706082389,0.0,100,7554,99.4,77.864
07/29/2020 02:00,2.83464,74.858,1.64437172321,0.0,100,7555,99.4,77.756
07/29/2020 02:15,2.67716,74.84,1.65958690744,0.0,100,7557,99.4,77.774
07/29/2020 02:30,2.63779,74.84,1.66724721255,0.0,100,7554,99.39,77.774
07/29/2020 02:45,2.55905,74.84,1.67109061431,0.0,100,7556,99.39,77.72
07/29/2020 03:00,2.55905,74.84,1.67109061431,0.0,100,7558,99.39,77.63
07/29/2020 03:15,2.59842,74.84,1.66724721255,0.0,100,7558,99.38,77.594
07/29/2020 03:30,2.59842,74.84,1.65576996347,0.0,100,7559,99.39,77.54
07/29/2020 03:45,2.63779,74.696,1.64816239153,0.0,100,7560,99.4,77.522
07/29/2020 04:00,2.59842,74.66,1.64437172321,0.0,100,7558,99.39,77.522
07/29/2020 04:15,2.59842,74.66,1.64437172321,0.0,100,7560,99.39,77.54
07/29/2020 04:30,2.55905,74.66,1.64816239153,0.0,100,7560,99.39,77.54
07/29/2020 04:45,2.59842,74.66,1.65576996347,0.0,100,7559,99.4,77.486
07/29/2020 05:00,2.55905,74.66,1.65576996347,0.0,100,7558,99.4,77.504
07/29/2020 05:15,2.63779,74.606,1.66724721255,0.0,100,7560,99.4,77.45
07/29/2020 05:30,2.67716,74.462,1.66341265037,0.0,100,7559,99.42,77.36
07/29/2020 05:45,2.63779,74.498,1.66341265037,0.0,100,7559,99.42,77.324
07/29/2020 06:00,2.7559,74.282,1.63681652143,0.0,100,7560,99.43,77.324
07/29/2020 06:15,2.79527,74.12,1.60694125301,0.0,100,7558,99.45,77.27
07/29/2020 06:30,2.7559,74.12,1.61435855683,0.0,100,7559,99.47,77.27
07/29/2020 06:45,2.63779,74.12,1.61808003764,0.0,100,7557,99.48,77.252
07/29/2020 07:00,2.59842,74.12,1.62554875575,0.0,100,7561,99.48,77.216
07/29/2020 07:15,2.59842,74.12,1.62554875575,0.0,100,7558,99.49,77.198
07/29/2020 07:30,2.7559,74.03,1.59220872705,0.0,100,7560,99.49,77.198
07/29/2020 07:45,2.67716,73.94,1.59220872705,0.0,100,7558,99.5,77.234
07/29/2020 08:00,2.67716,73.94,1.59587914724,0.0,100,7558,99.51,77.36
07/29/2020 08:15,2.63779,73.994,1.59220872705,0.0,100,7554,99.52,77.414
07/29/2020 08:30,2.59842,74.12,1.5885467486,0.0,100,7560,99.53,77.432
07/29/2020 08:45,2.59842,74.12,1.58489319246,0.0,100,7561,99.54,77.396
07/29/2020 09:00,2.63779,73.958,1.51705036746,0.0,100,7560,99.54,77.252
07/29/2020 09:15,2.67716,73.94,1.55955250283,0.0,100,7558,99.54,77.234
07/29/2020 09:30,2.71653,73.94,1.59220872705,0.0,100,7560,99.53,77.27
07/29/2020 09:45,2.71653,73.94,1.61435855683,0.0,100,7558,99.53,77.216
07/29/2020 10:00,2.71653,73.94,1.62929603264,0.0,100,7561,99.54,77.072
07/29/2020 10:15,2.67716,73.94,1.6405897732,0.0,100,7560,99.55,77.054
07/29/2020 10:30,2.67716,73.706,1.63305194789,0.0,100,7560,99.55,77.108
07/29/2020 10:45,2.67716,73.58,1.63305194789,0.0,100,7561,99.53,77.234
07/29/2020 11:00,2.63779,73.58,1.62929603264,0.0,100,7559,99.53,77.432
07/29/2020 11:15,2.63779,73.58,1.60694125301,0.0,100,7560,99.53,77.666
07/29/2020 11:30,2.67716,73.58,1.59955802861,0.0,100,7560,99.54,77.936
07/29/2020 11:45,2.67716,73.58,1.59587914724,0.0,100,7558,99.55,78.098
07/29/2020 12:00,2.63779,73.58,1.5776112697,0.0,100,7561,99.56,78.332
07/29/2020 12:15,2.67716,73.562,1.56314764264,0.0,100,7558,99.54,78.584
07/29/2020 12:30,2.67716,73.508,1.55955250283,0.0,100,7559,99.53,78.818
07/29/2020 12:45,2.63779,73.526,1.55238700996,0.0,100,7560,99.52,79.052
07/29/2020 13:00,2.63779,73.58,1.55238700996,0.0,100,7559,99.5,79.322
07/29/2020 13:15,2.63779,73.58,1.57036280433,0.0,100,7560,99.49,79.79
07/29/2020 13:30,2.63779,73.58,1.57398286447,0.0,100,7559,99.48,80.168
07/29/2020 13:45,2.67716,73.652,1.57398286447,0.0,100,7560,99.46,80.51
07/29/2020 14:00,2.63779,73.76,1.57398286447,0.0,100,7560,99.44,80.834
07/29/2020 14:15,2.63779,73.76,1.57398286447,0.0,100,7562,99.44,81.14
07/29/2020 14:30,2.63779,73.85,1.5776112697,0.0,100,7561,99.44,81.392
07/29/2020 14:45,2.59842,73.94,1.5776112697,0.0,100,7561,99.44,81.644
07/29/2020 15:00,2.63779,73.94,1.58124803927,0.0,100,7561,99.44,81.77
07/29/2020 15:15,2.63779,73.94,1.58489319246,0.0,100,7561,99.43,81.788
07/29/2020 15:30,2.63779,74.066,1.58489319246,0.0,100,7561,99.42,81.806
07/29/2020 15:45,2.63779,74.12,1.58489319246,0.0,100,7561,99.41,81.77
07/29/2020 16:00,2.63779,74.12,1.5885467486,0.0,100,7561,99.4,81.896
07/29/2020 16:15,2.63779,74.174,1.59220872705,0.0,100,7561,99.38,81.968
07/29/2020 16:30,2.63779,74.3,1.59587914724,0.0,100,7562,99.39,82.112
07/29/2020 16:45,2.63779,74.3,1.59955802861,0.0,100,7561,99.38,82.166
07/29/2020 17:00,2.67716,74.318,1.60324539069,0.0,100,7561,99.38,82.238
07/29/2020 17:15,2.67716,74.588,1.60324539069,0.0,100,7561,99.38,82.202
07/29/2020 17:30,2.63779,74.66,1.59955802861,0.0,100,7563,99.37,82.274
07/29/2020 17:45,2.67716,74.66,1.59955802861,0.0,100,7561,99.37,82.256
07/29/2020 18:00,2.79527,74.714,1.59955802861,0.0,100,7560,99.37,82.238
07/29/2020 18:15,2.67716,74.84,1.59955802861,0.0,100,7561,99.37,82.22
07/29/2020 18:30,2.7559,74.966,1.59955802861,0.0,100,7561,99.38,82.184
07/29/2020 18:45,2.63779,75.11,1.59955802861,0.0,100,7563,99.38,82.166
07/29/2020 19:00,2.63779,75.2,1.59955802861,0.0,100,7562,99.39,82.094
07/29/2020 19:15,2.59842,75.2,1.59955802861,0.0,100,7561,99.41,81.95
07/29/2020 19:30,2.63779,75.254,1.59955802861,0.0,100,7562,99.41,81.806
07/29/2020 19:45,2.63779,75.38,1.59955802861,0.0,100,7561,99.42,81.626
07/29/2020 20:00,2.59842,75.38,1.60694125301,0.0,100,7562,99.43,81.374
07/29/2020 20:15,2.59842,75.38,1.61808003764,0.0,100,7562,99.45,81.122
07/29/2020 20:30,2.63779,75.326,1.63305194789,0.0,100,7563,99.47,80.888
07/29/2020 20:45,2.63779,75.2,1.64437172321,0.0,100,7561,99.48,80.636
07/29/2020 21:00,2.67716,75.2,1.65196179823,0.0,100,7561,99.48,80.42
07/29/2020 21:15,2.63779,75.2,1.65958690744,0.0,100,7560,99.49,80.186
07/29/2020 21:30,2.63779,75.2,1.67494287603,0.0,100,7561,99.51,79.952
07/29/2020 21:45,2.63779,75.2,1.69433780045,0.0,100,7562,99.51,79.754
07/29/2020 22:00,2.67716,75.2,1.71001531509,0.0,100,7561,99.52,79.646
07/29/2020 22:15,2.63779,75.2,1.71395730751,0.0,100,7559,99.53,79.502
07/29/2020 22:30,2.63779,75.2,1.72583789199,0.0,100,7561,99.54,79.394
07/29/2020 22:45,2.59842,75.056,1.73780082875,0.0,100,7561,99.54,79.286
07/29/2020 23:00,2.59842,74.948,1.73780082875,0.0,100,7560,99.53,79.232
07/29/2020 23:15,2.59842,74.84,1.73780082875,0.0,100,7561,99.53,79.142
07/29/2020 23:30,2.59842,74.84,1.73780082875,0.0,100,7560,99.53,79.052
07/29/2020 23:45,2.63779,74.84,1.74180687339,0.0,100,7561,99.54,78.998
07/30/2020 00:00,2.91338,74.75,1.74180687339,0.0,100,7560,99.54,78.98
07/30/2020 00:15,2.87401,74.804,1.73780082875,0.0,97,7427,99.54,79.772
07/30/2020 00:30,2.71653,74.93,1.73780082875,0.0,100,7514,99.54,79.736
07/30/2020 00:45,2.7559,75.038,1.73380399775,0.0,100,7520,99.54,79.448
07/30/2020 01:00,2.59842,75.2,1.72583789199,0.0,100,7520,99.54,79.322
07/30/2020 01:15,2.48031,75.2,1.72583789199,0.0,100,7524,99.53,79.214
07/30/2020 01:30,2.44094,75.2,1.72583789199,0.0,100,7528,99.53,79.124
07/30/2020 01:45,2.44094,75.2,1.71790838716,0.0,100,7526,99.53,79.052
07/30/2020 02:00,2.91338,75.2,1.66341265037,0.0,100,7529,99.53,78.98
07/30/2020 02:15,2.79527,75.2,1.62929603264,0.0,100,7529,99.52,78.98
07/30/2020 02:30,2.71653,75.344,1.62929603264,0.0,100,7530,99.5,78.962
07/30/2020 02:45,2.67716,75.38,1.62554875575,0.0,100,7533,99.48,78.908
07/30/2020 03:00,2.71653,75.218,1.62554875575,0.0,100,7533,99.48,78.836
07/30/2020 03:15,2.67716,75.2,1.62181009736,0.0,100,7533,99.48,78.746
07/30/2020 03:30,2.63779,75.2,1.61808003764,0.0,100,7532,99.47,78.692
07/30/2020 03:45,2.63779,75.2,1.62181009736,0.0,100,7534,99.47,78.638
07/30/2020 04:00,2.59842,75.2,1.62181009736,0.0,100,7535,99.47,78.584
07/30/2020 04:15,2.59842,75.2,1.62554875575,0.0,100,7530,99.49,78.512
07/30/2020 04:30,2.59842,75.2,1.62554875575,0.0,100,7532,99.49,78.404
07/30/2020 04:45,2.59842,75.164,1.62929603264,0.0,100,7535,99.51,78.35
07/30/2020 05:00,2.63779,75.02,1.63305194789,0.0,100,7533,99.51,78.296
07/30/2020 05:15,2.71653,75.02,1.63305194789,0.0,100,7533,99.53,78.26
07/30/2020 05:30,2.7559,75.02,1.62554875575,0.0,100,7535,99.54,78.224
07/30/2020 05:45,2.71653,74.876,1.62929603264,0.0,100,7533,99.54,78.152
07/30/2020 06:00,2.79527,74.84,1.61435855683,0.0,100,7532,99.55,78.062
07/30/2020 06:15,2.79527,74.678,1.5885467486,0.0,100,7534,99.57,78.008
07/30/2020 06:30,2.71653,74.606,1.57398286447,0.0,100,7533,99.58,77.972
07/30/2020 06:45,2.67716,74.66,1.5776112697,0.0,100,7534,99.59,77.954
07/30/2020 07:00,2.67716,74.66,1.57398286447,0.0,100,7533,99.59,77.918
07/30/2020 07:15,3.1496,74.714,1.37088176616,0.0,100,7533,99.61,77.828
07/30/2020 07:30,3.42519,74.93,1.0814339513,0.0,100,7532,99.62,77.72
07/30/2020 07:45,2.87401,75.02,1.04712854805,0.0,100,7532,99.64,77.63
07/30/2020 08:00,2.71653,75.02,1.08893009333,0.0,100,7530,99.64,77.576
07/30/2020 08:15,2.67716,74.966,1.14287833479,0.0,100,7533,99.64,77.45
07/30/2020 08:30,2.59842,74.84,1.23310483323,0.0,100,7533,99.62,77.36
07/30/2020 08:45,2.59842,74.84,1.32434153519,0.0,100,7530,99.62,77.342
07/30/2020 09:00,2.55905,74.84,1.39315680295,0.0,100,7533,99.64,77.324
07/30/2020 09:15,2.51968,74.84,1.43218789927,0.0,100,7532,99.64,77.432
07/30/2020 09:30,2.51968,74.84,1.45545908058,0.0,100,7533,99.64,77.468
07/30/2020 09:45,2.55905,74.84,1.47910838817,0.0,100,7535,99.64,77.468
07/30/2020 10:00,2.55905,74.84,1.51356124844,0.0,100,7534,99.63,77.468
07/30/2020 10:15,2.55905,74.84,1.54170045295,0.0,100,7533,99.63,77.63
07/30/2020 10:30,2.51968,74.84,1.55955250283,0.0,100,7533,99.63,77.756
07/30/2020 10:45,2.51968,74.804,1.57036280433,0.0,100,7534,99.62,77.936
07/30/2020 11:00,2.51968,74.66,1.57398286447,0.0,100,7532,99.63,78.188
07/30/2020 11:15,2.51968,74.66,1.56314764264,0.0,100,7531,99.62,78.494
07/30/2020 11:30,2.55905,74.66,1.54881661891,0.0,100,7531,99.61,78.854
07/30/2020 11:45,2.51968,74.678,1.55596563161,0.0,100,7533,99.6,79.25
07/30/2020 12:00,2.51968,74.84,1.57036280433,0.0,100,7533,99.59,79.646
07/30/2020 12:15,2.51968,74.84,1.5885467486,0.0,100,7533,99.58,80.06
07/30/2020 12:30,2.51968,74.84,1.59955802861,0.0,100,7533,99.58,80.402
07/30/2020 12:45,2.51968,74.948,1.60324539069,0.0,100,7533,99.58,80.582
07/30/2020 13:00,2.51968,75.02,1.60324539069,0.0,100,7533,99.57,80.762
07/30/2020 13:15,3.11023,76.802,1.4256075936,0.0,100,7534,99.56,80.906
07/30/2020 13:30,2.87401,80.222,1.27643880881,0.0,100,7536,99.56,81.194
07/30/2020 13:45,2.67716,79.988,1.33352143216,0.0,100,7536,99.56,81.428
07/30/2020 14:00,2.55905,79.664,1.35831344659,0.0,100,7534,99.55,81.608
07/30/2020 14:15,2.48031,79.412,1.39636836106,0.0,100,7535,99.54,81.806
07/30/2020 14:30,2.48031,79.016,1.43879857826,0.0,100,7533,99.53,81.986
07/30/2020 14:45,2.48031,78.692,1.47570653328,0.0,100,7536,99.52,82.148
07/30/2020 15:00,2.44094,78.386,1.49623565609,0.0,100,7536,99.52,82.256
07/30/2020 15:15,2.48031,78.098,1.50314196609,0.0,100,7535,99.5,82.328
07/30/2020 15:30,2.48031,77.828,1.51356124844,0.0,100,7535,99.48,82.328
07/30/2020 15:45,2.48031,77.63,1.51705036746,0.0,100,7536,99.47,82.454
07/30/2020 16:00,2.44094,77.414,1.51356124844,0.0,100,7538,99.46,82.562
07/30/2020 16:15,2.44094,77.234,1.49623565609,0.0,100,7537,99.44,82.58
07/30/2020 16:30,2.44094,77.09,1.47231250243,0.0,100,7536,99.44,82.544
07/30/2020 16:45,2.48031,77.0,1.46892627764,0.0,100,7535,99.44,82.508
07/30/2020 17:00,2.51968,76.874,1.46554784096,0.0,100,7536,99.44,82.49
07/30/2020 17:15,2.55905,76.82,1.46554784096,0.0,100,7537,99.43,82.508
07/30/2020 17:30,2.51968,76.73,1.46554784096,0.0,100,7536,99.42,82.526
07/30/2020 17:45,2.51968,76.64,1.46892627764,0.0,100,7535,99.41,82.544
07/30/2020 18:00,2.51968,76.64,1.47910838817,0.0,100,7534,99.41,82.544
07/30/2020 18:15,2.51968,76.64,1.48593564229,0.0,100,7536,99.41,82.544
07/30/2020 18:30,2.79527,76.496,1.45881426028,0.0,100,7533,99.41,82.562
07/30/2020 18:45,2.87401,76.316,1.45881426028,0.0,100,7536,99.41,82.58
07/30/2020 19:00,2.83464,76.478,1.45881426028,0.0,100,7536,99.42,82.472
07/30/2020 19:15,2.79527,76.64,1.46554784096,0.0,100,7536,99.42,82.274
07/30/2020 19:30,2.7559,76.64,1.47231250243,0.0,100,7533,99.43,82.112
07/30/2020 19:45,2.71653,76.64,1.47570653328,0.0,100,7534,99.43,82.004
07/30/2020 20:00,2.67716,76.64,1.47231250243,0.0,100,7533,99.43,81.896
07/30/2020 20:15,2.67716,76.64,1.46217717446,0.0,100,7537,99.43,81.806
07/30/2020 20:30,2.63779,76.64,1.45211161759,0.0,100,7534,99.43,81.644
07/30/2020 20:45,2.63779,76.64,1.44543977075,0.0,100,7534,99.44,81.59
07/30/2020 21:00,2.63779,76.766,1.47231250243,0.0,100,7534,99.45,81.518
07/30/2020 21:15,2.67716,76.982,1.52054752973,0.0,100,7536,99.46,81.32
07/30/2020 21:30,2.67716,77.0,1.54170045295,0.0,100,7533,99.46,81.032
07/30/2020 21:45,2.63779,77.0,1.54881661891,0.0,100,7535,99.46,80.762
07/30/2020 22:00,2.63779,76.91,1.55596563161,0.0,100,7535,99.47,80.51
07/30/2020 22:15,2.63779,76.82,1.55955250283,0.0,100,7534,99.47,80.312
07/30/2020 22:30,2.59842,76.766,1.56675107011,0.0,100,7535,99.47,80.204
07/30/2020 22:45,2.59842,76.64,1.59587914724,0.0,100,7533,99.47,80.06
07/30/2020 23:00,2.63779,76.64,1.61808003764,0.0,100,7535,99.47,79.934
07/30/2020 23:15,2.63779,76.64,1.62554875575,0.0,100,7537,99.46,79.844
07/30/2020 23:30,2.67716,76.46,1.63305194789,0.0,100,7537,99.46,79.79
07/30/2020 23:45,2.59842,76.46,1.63305194789,0.0,100,7537,99.45,79.754
07/31/2020 00:00,2.59842,76.46,1.63681652143,0.0,100,7536,99.45,79.664
07/31/2020 00:15,2.59842,76.442,1.63681652143,0.0,96,7404,99.44,80.294
07/31/2020 00:30,2.59842,76.28,1.64437172321,0.0,99,7491,99.44,80.15
07/31/2020 00:45,2.59842,76.28,1.64816239153,0.0,99,7498,99.44,79.772
07/31/2020 01:00,2.67716,76.28,1.64816239153,0.0,99,7498,99.43,79.592
07/31/2020 01:15,2.63779,76.28,1.64816239153,0.0,100,7501,99.43,79.412
07/31/2020 01:30,2.63779,76.136,1.64816239153,0.0,100,7503,99.43,79.268
07/31/2020 01:45,2.71653,76.082,1.6405897732,0.0,100,7501,99.42,79.196
07/31/2020 02:00,2.95275,75.704,1.5776112697,0.0,100,7504,99.41,79.106
07/31/2020 02:15,2.87401,75.56,1.56675107011,0.0,100,7504,99.4,78.98
07/31/2020 02:30,2.87401,75.56,1.56675107011,0.0,100,7508,99.4,78.854
07/31/2020 02:45,2.83464,75.56,1.56675107011,0.0,100,7506,99.4,78.746
07/31/2020 03:00,2.79527,75.506,1.56314764264,0.0,100,7508,99.39,78.674
07/31/2020 03:15,2.7559,75.38,1.54525443954,0.0,100,7508,99.39,78.656
07/31/2020 03:30,2.67716,75.38,1.54525443954,0.0,100,7508,99.39,78.638
07/31/2020 03:45,2.67716,75.38,1.55238700996,0.0,100,7506,99.39,78.548
07/31/2020 04:00,2.63779,75.344,1.54525443954,0.0,100,7507,99.39,78.44
07/31/2020 04:15,2.63779,75.2,1.5346169828,0.0,100,7508,99.39,78.296
07/31/2020 04:30,2.63779,75.2,1.54170045295,0.0,100,7508,99.38,78.152
07/31/2020 04:45,2.59842,75.2,1.54525443954,0.0,100,7511,99.38,78.008
07/31/2020 05:00,2.59842,75.11,1.55955250283,0.0,100,7508,99.38,77.846
07/31/2020 05:15,2.67716,74.966,1.57036280433,0.0,100,7508,99.39,77.792
07/31/2020 05:30,2.87401,74.84,1.56314764264,0.0,100,7507,99.4,77.702
07/31/2020 05:45,2.87401,74.84,1.56675107011,0.0,100,7511,99.39,77.594
07/31/2020 06:00,2.99212,74.624,1.51356124844,0.0,100,7508,99.4,77.45
07/31/2020 06:15,2.95275,74.138,1.43879857826,0.0,100,7509,99.42,77.342
07/31/2020 06:30,2.87401,74.21,1.45881426028,0.0,100,7510,99.43,77.27
07/31/2020 06:45,2.79527,74.282,1.49279440958,0.0,100,7509,99.44,77.234
07/31/2020 07:00,2.79527,74.066,1.48936107771,0.0,100,7511,99.46,77.18
07/31/2020 07:15,2.79527,73.94,1.49279440958,0.0,100,7507,99.48,77.234
07/31/2020 07:30,3.07086,73.886,1.39958732257,0.0,100,7508,99.5,77.36
07/31/2020 07:45,2.83464,73.886,1.38356637897,0.0,100,7508,99.51,77.504
07/31/2020 08:00,2.91338,73.94,1.38356637897,0.0,100,7509,99.51,77.666
07/31/2020 08:15,2.87401,73.94,1.39315680295,0.0,100,7508,99.51,77.846
07/31/2020 08:30,2.87401,73.976,1.39315680295,0.0,100,7508,99.53,77.99
07/31/2020 08:45,2.83464,74.12,1.38995263121,0.0,100,7510,99.53,78.08
07/31/2020 09:00,2.83464,74.138,1.40604752413,0.0,100,7509,99.53,77.954
07/31/2020 09:15,2.83464,74.138,1.43879857826,0.0,100,7512,99.53,77.846
07/31/2020 09:30,2.79527,74.12,1.45211161759,0.0,100,7509,99.54,77.846
07/31/2020 09:45,2.79527,74.282,1.48593564229,0.0,100,7510,99.55,77.99
07/31/2020 10:00,2.83464,74.138,1.4996848355,0.0,100,7510,99.54,78.278
07/31/2020 10:15,2.79527,74.102,1.49623565609,0.0,100,7510,99.55,78.584
07/31/2020 10:30,2.79527,73.994,1.48936107771,0.0,100,7508,99.55,78.98
07/31/2020 10:45,2.79527,74.12,1.49279440958,0.0,100,7509,99.54,79.448
07/31/2020 11:00,2.79527,74.066,1.49623565609,0.0,100,7508,99.53,79.916
07/31/2020 11:15,2.79527,73.94,1.49623565609,0.0,100,7511,99.52,80.366
07/31/2020 11:30,2.7559,73.94,1.48936107771,0.0,100,7511,99.52,80.942
07/31/2020 11:45,2.7559,73.958,1.48251808515,0.0,100,7511,99.52,81.626
07/31/2020 12:00,2.7559,74.12,1.47570653328,0.0,100,7511,99.51,82.184
07/31/2020 12:15,2.71653,74.12,1.46892627764,0.0,100,7512,99.51,82.598
07/31/2020 12:30,2.71653,74.12,1.46554784096,0.0,100,7513,99.51,82.85
07/31/2020 12:45,2.7559,74.12,1.46217717446,0.0,100,7511,99.51,83.084
07/31/2020 13:00,2.7559,74.174,1.45881426028,0.0,100,7511,99.51,83.39
07/31/2020 13:15,2.7559,74.3,1.45211161759,0.0,100,7512,99.51,83.516
07/31/2020 13:30,2.7559,74.3,1.45211161759,0.0,100,7511,99.5,83.57
07/31/2020 13:45,2.71653,74.3,1.45211161759,0.0,100,7513,99.5,83.696
07/31/2020 14:00,2.71653,74.3,1.45211161759,0.0,100,7509,99.49,83.84
07/31/2020 14:15,2.71653,74.588,1.45881426028,0.0,100,7512,99.47,84.146
07/31/2020 14:30,2.71653,74.66,1.46554784096,0.0,100,7508,99.47,84.506
07/31/2020 14:45,2.71653,74.66,1.47231250243,0.0,100,7514,99.47,84.704
07/31/2020 15:00,2.71653,74.822,1.47910838817,0.0,100,7509,99.46,85.028
07/31/2020 15:15,2.71653,74.84,1.48593564229,0.0,100,7511,99.45,85.334
07/31/2020 15:30,2.71653,74.84,1.48936107771,0.0,100,7513,99.43,85.604
07/31/2020 15:45,2.71653,74.84,1.48936107771,0.0,100,7513,99.42,85.73
07/31/2020 16:00,2.67716,75.002,1.48936107771,0.0,100,7511,99.41,85.874
07/31/2020 16:15,2.67716,75.02,1.49279440958,0.0,100,7515,99.41,85.982
07/31/2020 16:30,2.7559,75.038,1.49279440958,0.0,100,7512,99.41,85.892
07/31/2020 16:45,2.7559,75.2,1.48936107771,0.0,100,7514,99.4,85.73
07/31/2020 17:00,2.7559,75.2,1.48936107771,0.0,100,7512,99.39,85.514
07/31/2020 17:15,2.71653,75.2,1.48936107771,0.0,100,7510,99.38,85.37
07/31/2020 17:30,2.67716,75.272,1.49279440958,0.0,100,7512,99.37,85.244
07/31/2020 17:45,2.67716,75.38,1.49279440958,0.0,100,7512,99.36,85.172
07/31/2020 18:00,2.67716,75.38,1.49623565609,0.0,100,7512,99.35,85.154
07/31/2020 18:15,2.67716,75.38,1.4996848355,0.0,100,7512,99.35,85.154
07/31/2020 18:30,2.71653,75.38,1.50314196609,0.0,100,7514,99.34,85.082
07/31/2020 18:45,2.71653,75.38,1.50660706619,0.0,100,7513,99.34,84.974
07/31/2020 19:00,2.67716,75.38,1.51008015416,0.0,100,7516,99.35,84.812
07/31/2020 19:15,2.67716,75.38,1.51356124844,0.0,100,7512,99.36,84.542
07/31/2020 19:30,2.63779,75.38,1.52054752973,0.0,100,7514,99.36,84.218
07/31/2020 19:45,2.63779,75.38,1.5240527538,0.0,100,7514,99.36,83.93
07/31/2020 20:00,2.67716,75.38,1.52756605824,0.0,100,7514,99.37,83.696
07/31/2020 20:15,2.67716,75.38,1.5381546403,0.0,100,7515,99.39,83.462
07/31/2020 20:30,2.67716,75.38,1.54881661891,0.0,100,7512,99.39,83.3
07/31/2020 20:45,2.7559,75.38,1.55955250283,0.0,100,7515,99.4,83.156
07/31/2020 21:00,2.83464,75.38,1.56675107011,0.0,100,7511,99.42,82.976
07/31/2020 21:15,2.91338,75.542,1.57398286447,0.0,100,7516,99.41,82.742
07/31/2020 21:30,2.87401,75.56,1.5776112697,0.0,100,7511,99.42,82.58
07/31/2020 21:45,2.87401,75.56,1.5776112697,0.0,100,7515,99.42,82.544
07/31/2020 22:00,2.83464,75.578,1.5776112697,0.0,100,7514,99.43,82.436
07/31/2020 22:15,2.83464,75.74,1.57398286447,0.0,100,7517,99.43,82.256
07/31/2020 22:30,2.79527,75.74,1.57036280433,0.0,100,7514,99.43,82.004
07/31/2020 22:45,2.7559,75.74,1.57036280433,0.0,100,7514,99.43,81.824
07/31/2020 23:00,2.7559,75.74,1.57036280433,0.0,100,7515,99.44,81.644
07/31/2020 23:15,2.7559,75.74,1.56675107011,0.0,100,7514,99.44,81.464
07/31/2020 23:30,2.71653,75.668,1.56675107011,0.0,100,7512,99.43,81.266
07/31/2020 23:45,2.71653,75.56,1.57398286447,0.0,100,7514,99.42,81.068
08/01/2020 00:00,2.71653,75.56,1.58124803927,0.0,100,7514,99.42,80.87
08/01/2020 00:15,2.71653,75.56,1.59587914724,0.0,95,7384,99.41,81.464
08/01/2020 00:30,2.67716,75.56,1.60694125301,0.0,98,7471,99.4,81.266
08/01/2020 00:45,2.63779,75.542,1.61064563518,0.0,98,7474,99.38,80.852
08/01/2020 01:00,2.67716,75.56,1.62929603264,0.0,99,7481,99.37,80.582
08/01/2020 01:15,2.71653,75.56,1.64816239153,0.0,99,7482,99.36,80.438
08/01/2020 01:30,2.71653,75.56,1.65196179823,0.0,99,7482,99.34,80.384
08/01/2020 01:45,2.67716,75.56,1.65576996347,0.0,99,7481,99.32,80.276
08/01/2020 02:00,2.67716,75.542,1.66724721255,0.0,99,7484,99.31,80.06
08/01/2020 02:15,2.67716,75.38,1.67880401812,0.0,99,7485,99.31,80.024
08/01/2020 02:30,2.71653,75.38,1.68267406107,0.0,99,7487,99.28,80.06
08/01/2020 02:45,2.79527,75.29,1.67880401812,0.0,99,7486,99.29,80.024
08/01/2020 03:00,2.79527,75.182,1.66724721255,0.0,99,7487,99.3,79.916
08/01/2020 03:15,2.79527,75.02,1.65576996347,0.0,99,7486,99.31,79.808
08/01/2020 03:30,2.79527,74.984,1.64437172321,0.0,99,7489,99.31,79.646
08/01/2020 03:45,2.79527,74.84,1.6405897732,0.0,99,7489,99.31,79.43
08/01/2020 04:00,2.79527,74.84,1.6405897732,0.0,99,7485,99.31,79.25
08/01/2020 04:15,2.7559,74.84,1.63681652143,0.0,99,7489,99.3,79.016
08/01/2020 04:30,2.71653,74.678,1.62929603264,0.0,99,7487,99.29,78.674
08/01/2020 04:45,2.71653,74.66,1.62929603264,0.0,99,7488,99.28,78.404
08/01/2020 05:00,2.7559,74.66,1.63305194789,0.0,99,7489,99.29,78.368
08/01/2020 05:15,2.79527,74.624,1.63305194789,0.0,98,7474,99.29,78.458
08/01/2020 05:30,2.99212,74.426,1.62554875575,0.0,99,7489,99.3,78.602
08/01/2020 05:45,3.11023,74.3,1.55596563161,0.0,99,7490,99.33,78.584
08/01/2020 06:00,3.34645,74.156,1.48251808515,0.0,99,7488,99.34,78.728
08/01/2020 06:15,3.18897,73.94,1.40281370456,0.0,99,7487,99.36,78.746
08/01/2020 06:30,3.18897,73.85,1.41253754462,0.0,99,7488,99.39,78.494
08/01/2020 06:45,3.11023,73.904,1.43218789927,0.0,99,7489,99.41,78.35
08/01/2020 07:00,2.99212,73.85,1.45545908058,0.0,99,7488,99.42,78.224
08/01/2020 07:15,3.34645,73.958,1.35207256319,0.0,99,7487,99.45,78.242
08/01/2020 07:30,3.42519,74.21,1.14551294145,0.0,99,7485,99.47,78.296
08/01/2020 07:45,2.91338,74.246,1.11173172728,0.0,99,7489,99.49,78.332
08/01/2020 08:00,2.83464,74.3,1.19398810446,0.0,99,7489,99.49,78.44
08/01/2020 08:15,2.79527,74.3,1.25314117494,0.0,99,7489,99.5,78.332
08/01/2020 08:30,2.7559,74.3,1.29717927098,0.0,99,7489,99.52,78.242
08/01/2020 08:45,2.71653,74.336,1.33045441798,0.0,99,7488,99.55,78.152
08/01/2020 09:00,2.7559,74.336,1.35518941235,0.0,99,7489,99.57,78.17
08/01/2020 09:15,2.71653,74.3,1.3677288256,0.0,99,7489,99.59,78.332
08/01/2020 09:30,2.67716,74.3,1.38995263121,0.0,99,7489,99.59,78.458
08/01/2020 09:45,2.71653,74.3,1.40604752413,0.0,99,7489,99.58,78.638
08/01/2020 10:00,2.71653,74.3,1.40928879842,0.0,99,7488,99.58,78.836
08/01/2020 10:15,2.71653,74.3,1.41579377996,0.0,99,7494,99.6,79.07
08/01/2020 10:30,2.71653,74.3,1.41579377996,0.0,99,7490,99.6,79.232
08/01/2020 10:45,2.7559,74.3,1.41579377996,0.0,99,7490,99.6,79.43
08/01/2020 11:00,2.71653,74.3,1.41579377996,0.0,99,7486,99.61,79.682
08/01/2020 11:15,2.71653,74.3,1.41579377996,0.0,99,7489,99.62,80.024
08/01/2020 11:30,2.67716,74.3,1.41253754462,0.0,99,7489,99.62,80.456
08/01/2020 11:45,2.67716,74.3,1.41253754462,0.0,99,7490,99.62,80.924
08/01/2020 12:00,2.67716,74.3,1.40928879842,0.0,99,7491,99.62,81.284
08/01/2020 12:15,2.71653,74.3,1.40928879842,0.0,99,7489,99.63,81.662
08/01/2020 12:30,2.71653,74.318,1.40281370456,0.0,99,7492,99.62,81.914
08/01/2020 12:45,2.67716,74.57,1.39958732257,0.0,99,7492,99.63,82.184
08/01/2020 13:00,2.67716,74.66,1.39315680295,0.0,99,7490,99.63,82.58
08/01/2020 13:15,3.22834,76.586,1.33045441798,0.0,99,7491,99.64,82.832
08/01/2020 13:30,2.95275,80.33,1.26765186586,0.0,99,7489,99.64,83.156
08/01/2020 13:45,2.7559,80.168,1.32129563419,0.0,99,7492,99.63,83.336
08/01/2020 14:00,2.67716,79.952,1.33967668743,0.0,99,7490,99.62,83.534
08/01/2020 14:15,2.63779,79.682,1.35207256319,0.0,99,7492,99.61,83.804
08/01/2020 14:30,2.63779,79.412,1.36458313659,0.0,99,7492,99.6,84.236
08/01/2020 14:45,2.67716,79.016,1.3677288256,0.0,99,7492,99.58,84.686
08/01/2020 15:00,2.63779,78.728,1.37404197501,0.0,99,7491,99.58,85.064
08/01/2020 15:15,2.63779,78.476,1.38356637897,0.0,99,7489,99.57,85.28
08/01/2020 15:30,2.7559,78.296,1.38675582887,0.0,99,7489,99.57,85.316
08/01/2020 15:45,3.1496,78.098,1.35831344659,0.0,99,7493,99.56,85.514
08/01/2020 16:00,2.83464,78.08,1.35207256319,0.0,99,7490,99.56,85.604
08/01/2020 16:15,2.71653,78.026,1.35518941235,0.0,99,7490,99.55,85.748
08/01/2020 16:30,2.67716,77.9,1.36144468247,0.0,99,7490,99.54,85.784
08/01/2020 16:45,2.67716,77.846,1.37088176616,0.0,99,7489,99.54,85.73
08/01/2020 17:00,2.67716,77.72,1.3803842646,0.0,99,7491,99.54,85.586
08/01/2020 17:15,2.71653,77.72,1.38995263121,0.0,99,7492,99.53,85.406
08/01/2020 17:30,2.71653,77.63,1.40604752413,0.0,99,7492,99.52,85.19
08/01/2020 17:45,2.71653,77.54,1.41905752169,0.0,99,7495,99.53,84.938
08/01/2020 18:00,2.67716,77.54,1.42889395851,0.0,99,7490,99.52,84.65
08/01/2020 18:15,2.67716,77.378,1.43548943335,0.0,99,7493,99.53,84.416
08/01/2020 18:30,2.67716,77.36,1.43548943335,0.0,99,7494,99.52,84.2
08/01/2020 18:45,2.67716,77.234,1.43879857826,0.0,99,7492,99.52,84.038
08/01/2020 19:00,2.67716,77.18,1.43548943335,0.0,99,7490,99.51,83.894
08/01/2020 19:15,2.67716,77.18,1.43218789927,0.0,99,7493,99.51,83.732
08/01/2020 19:30,2.63779,77.18,1.43218789927,0.0,99,7492,99.52,83.57
08/01/2020 19:45,2.63779,77.0,1.43548943335,0.0,99,7492,99.52,83.39
08/01/2020 20:00,2.67716,77.0,1.43548943335,0.0,99,7490,99.53,83.246
08/01/2020 20:15,2.63779,77.0,1.43879857826,0.0,99,7494,99.53,83.12
08/01/2020 20:30,2.63779,77.0,1.44543977075,0.0,99,7492,99.53,82.976
08/01/2020 20:45,2.63779,77.0,1.44877185354,0.0,99,7493,99.54,82.688
08/01/2020 21:00,2.59842,77.0,1.45545908058,0.0,99,7492,99.54,82.472
08/01/2020 21:15,2.67716,77.0,1.45881426028,0.0,99,7493,99.55,82.31
08/01/2020 21:30,2.63779,77.0,1.46554784096,0.0,99,7494,99.56,82.058
08/01/2020 21:45,2.67716,77.0,1.47231250243,0.0,99,7492,99.57,81.752
08/01/2020 22:00,2.67716,76.838,1.47910838817,0.0,99,7492,99.58,81.518
08/01/2020 22:15,2.63779,76.82,1.48593564229,0.0,99,7494,99.59,81.446
08/01/2020 22:30,2.67716,76.82,1.48936107771,0.0,99,7492,99.59,81.356
08/01/2020 22:45,2.63779,76.748,1.49623565609,0.0,99,7493,99.59,81.05
08/01/2020 23:00,2.63779,76.64,1.50314196609,0.0,99,7495,99.58,80.834
08/01/2020 23:15,2.59842,76.586,1.51008015416,0.0,99,7494,99.57,80.78
08/01/2020 23:30,2.59842,76.46,1.52054752973,0.0,99,7492,99.57,80.744
08/01/2020 23:45,2.63779,76.46,1.53108746168,0.0,99,7495,99.56,80.654
08/02/2020 00:00,2.63779,76.46,1.54170045295,0.0,99,7492,99.56,80.546
08/02/2020 00:15,2.67716,76.334,1.54525443954,0.0,94,7359,99.55,81.05
08/02/2020 00:30,2.63779,76.208,1.54170045295,0.0,98,7451,99.55,80.78
08/02/2020 00:45,2.67716,76.1,1.5381546403,0.0,98,7454,99.54,80.384
08/02/2020 01:00,2.67716,76.028,1.5381546403,0.0,98,7455,99.54,80.312
08/02/2020 01:15,2.63779,75.92,1.5381546403,0.0,98,7459,99.54,80.258
08/02/2020 01:30,2.63779,75.92,1.5346169828,0.0,98,7459,99.54,80.294
08/02/2020 01:45,2.63779,75.776,1.53108746168,0.0,98,7463,99.54,80.438
08/02/2020 02:00,2.95275,75.74,1.47570653328,0.0,98,7463,99.54,80.564
08/02/2020 02:15,2.91338,75.902,1.41905752169,0.0,98,7463,99.55,80.384
08/02/2020 02:30,2.79527,75.92,1.40928879842,0.0,98,7465,99.55,80.114
08/02/2020 02:45,2.7559,75.92,1.40928879842,0.0,98,7465,99.55,79.934
08/02/2020 03:00,2.7559,75.812,1.41579377996,0.0,98,7464,99.56,79.556
08/02/2020 03:15,2.71653,75.668,1.40604752413,0.0,98,7465,99.56,79.232
08/02/2020 03:30,2.67716,75.56,1.40281370456,0.0,98,7465,99.57,78.926
08/02/2020 03:45,2.67716,75.56,1.40604752413,0.0,98,7466,99.56,78.674
08/02/2020 04:00,2.67716,75.398,1.41905752169,0.0,98,7466,99.56,78.386
08/02/2020 04:15,2.67716,75.308,1.42889395851,0.0,98,7467,99.55,78.152
08/02/2020 04:30,2.63779,75.2,1.43879857826,0.0,98,7466,99.56,77.972
08/02/2020 04:45,2.59842,75.02,1.44543977075,0.0,98,7467,99.57,77.81
08/02/2020 05:00,2.59842,74.876,1.44877185354,0.0,98,7466,99.58,77.666
08/02/2020 05:15,2.67716,74.804,1.44211535152,0.0,98,7466,99.59,77.504
08/02/2020 05:30,2.71653,74.66,1.43548943335,0.0,98,7467,99.6,77.378
08/02/2020 05:45,2.71653,74.642,1.46554784096,0.0,98,7467,99.62,77.324
08/02/2020 06:00,2.79527,74.3,1.4256075936,0.0,98,7467,99.64,77.216
08/02/2020 06:15,2.83464,74.084,1.39636836106,0.0,98,7466,99.66,77.108
08/02/2020 06:30,2.71653,73.94,1.36458313659,0.0,98,7467,99.66,77.018
08/02/2020 06:45,2.67716,73.94,1.33967668743,0.0,98,7466,99.66,76.964
08/02/2020 07:00,2.71653,73.868,1.34276496114,0.0,98,7466,99.66,76.91
08/02/2020 07:15,3.11023,73.778,1.28528665994,0.0,98,7466,99.67,76.946
08/02/2020 07:30,2.87401,73.904,1.22743923116,0.0,98,7470,99.67,77.126
08/02/2020 07:45,2.71653,73.76,1.23310483323,0.0,98,7466,99.67,77.288
08/02/2020 08:00,2.63779,73.814,1.23594743344,0.0,98,7468,99.68,77.504
08/02/2020 08:15,2.63779,73.94,1.26473634747,0.0,98,7468,99.69,77.702
08/02/2020 08:30,2.63779,73.976,1.31522483219,0.0,98,7468,99.69,77.792
08/02/2020 08:45,2.59842,74.102,1.35831344659,0.0,98,7469,99.69,77.864
08/02/2020 09:00,2.59842,73.94,1.38356637897,0.0,98,7467,99.68,77.792
08/02/2020 09:15,2.59842,73.94,1.39315680295,0.0,98,7468,99.68,77.72
08/02/2020 09:30,2.59842,73.94,1.39636836106,0.0,98,7466,99.69,77.684
08/02/2020 09:45,2.59842,73.94,1.39315680295,0.0,98,7465,99.7,77.81
08/02/2020 10:00,2.59842,73.778,1.40281370456,0.0,98,7467,99.7,78.008
08/02/2020 10:15,2.55905,73.76,1.41579377996,0.0,98,7467,99.69,78.368
08/02/2020 10:30,2.55905,73.76,1.42232878712,0.0,98,7467,99.69,78.836
08/02/2020 10:45,2.55905,73.76,1.42232878712,0.0,98,7466,99.7,79.358
08/02/2020 11:00,2.55905,73.76,1.42232878712,0.0,98,7470,99.7,79.952
08/02/2020 11:15,2.51968,73.76,1.4256075936,0.0,98,7467,99.7,80.456
08/02/2020 11:30,2.55905,73.76,1.4256075936,0.0,98,7465,99.71,80.762
08/02/2020 11:45,2.51968,73.76,1.42889395851,0.0,98,7468,99.71,80.96
08/02/2020 12:00,2.51968,73.796,1.42889395851,0.0,98,7466,99.72,81.14
08/02/2020 12:15,2.51968,73.94,1.42232878712,0.0,98,7470,99.73,81.302
08/02/2020 12:30,2.51968,73.94,1.42232878712,0.0,98,7469,99.72,81.518
08/02/2020 12:45,2.48031,73.94,1.42232878712,0.0,98,7470,99.71,81.842
08/02/2020 13:00,2.48031,73.94,1.41905752169,0.0,98,7472,99.71,82.022
08/02/2020 13:15,3.07086,76.244,1.34586035406,0.0,98,7469,99.71,82.076
08/02/2020 13:30,2.71653,80.672,1.24451461177,0.0,98,7471,99.72,82.184
08/02/2020 13:45,2.59842,80.42,1.28233058266,0.0,98,7472,99.71,82.346
08/02/2020 14:00,2.55905,80.06,1.30016957803,0.0,98,7468,99.7,82.526
08/02/2020 14:15,2.55905,79.754,1.32129563419,0.0,98,7470,99.7,82.652
08/02/2020 14:30,2.55905,79.466,1.34276496114,0.0,98,7471,99.68,82.868
08/02/2020 14:45,2.51968,79.052,1.36458313659,0.0,98,7471,99.67,83.12
08/02/2020 15:00,2.48031,78.71,1.38675582887,0.0,98,7468,99.68,83.336
08/02/2020 15:15,2.44094,78.476,1.39636836106,0.0,98,7466,99.68,83.39
08/02/2020 15:30,2.44094,78.242,1.39636836106,0.0,98,7471,99.68,83.498
08/02/2020 15:45,2.44094,78.008,1.39636836106,0.0,98,7470,99.69,83.552
08/02/2020 16:00,2.40157,77.774,1.39636836106,0.0,98,7470,99.69,83.462
08/02/2020 16:15,3.18897,78.728,1.30316677845,0.0,98,7469,99.69,83.354
08/02/2020 16:30,3.74015,81.23,1.11686324778,0.0,98,7470,99.68,83.354
08/02/2020 16:45,2.99212,81.572,1.09647819614,0.0,98,7470,99.66,83.372
08/02/2020 17:00,2.71653,81.194,1.11686324778,0.0,98,7471,99.65,83.408
08/02/2020 17:15,2.63779,80.87,1.12979591467,0.0,98,7467,99.65,83.372
08/02/2020 17:30,2.59842,80.51,1.13762728582,0.0,98,7466,99.64,83.318
08/02/2020 17:45,2.59842,80.168,1.15080038894,0.0,98,7468,99.63,83.318
08/02/2020 18:00,3.22834,80.294,1.68655302539,0.0,98,7467,99.61,83.282
08/02/2020 18:15,2.87401,80.6,2.11836113525,0.0,98,7470,99.6,83.246
08/02/2020 18:30,2.71653,80.492,2.11836113525,0.0,98,7468,99.59,83.264
08/02/2020 18:45,2.59842,80.348,2.11836113525,0.0,98,7469,99.59,83.264
08/02/2020 19:00,2.51968,80.186,2.11348903984,0.0,98,7472,99.59,83.138
08/02/2020 19:15,2.51968,80.06,2.11836113525,0.0,98,7470,99.58,82.994
08/02/2020 19:30,2.59842,79.898,2.10862814993,0.0,98,7471,99.57,82.886
08/02/2020 19:45,3.81889,80.744,1.56675107011,0.0,98,7471,99.57,82.796
08/02/2020 20:00,3.1496,80.978,1.5381546403,0.0,98,7469,99.57,82.598
08/02/2020 20:15,2.87401,80.816,1.57036280433,0.0,98,7472,99.57,82.31
08/02/2020 20:30,2.7559,80.636,1.5885467486,0.0,98,7470,99.58,82.022
08/02/2020 20:45,2.67716,80.402,1.60694125301,0.0,98,7471,99.58,81.77
08/02/2020 21:00,2.63779,80.186,1.61435855683,0.0,98,7472,99.6,81.626
08/02/2020 21:15,2.59842,79.988,1.62181009736,0.0,98,7472,99.61,81.446
08/02/2020 21:30,2.59842,79.772,1.62929603264,0.0,98,7470,99.63,81.266
08/02/2020 21:45,2.59842,79.592,1.63681652143,0.0,98,7471,99.63,81.104
08/02/2020 22:00,2.59842,79.394,1.6405897732,0.0,98,7468,99.64,80.942
08/02/2020 22:15,2.59842,79.106,1.64816239153,0.0,98,7471,99.65,80.924
08/02/2020 22:30,2.59842,78.836,1.65958690744,0.0,98,7471,99.67,80.888
08/02/2020 22:45,2.59842,78.674,1.66341265037,0.0,98,7472,99.68,80.816
08/02/2020 23:00,2.59842,78.494,1.67109061431,0.0,98,7470,99.68,80.726
08/02/2020 23:15,2.63779,78.332,1.67494287603,0.0,98,7471,99.67,80.636
08/02/2020 23:30,2.63779,78.17,1.67880401812,0.0,98,7468,99.65,80.438
08/02/2020 23:45,2.63779,78.062,1.68267406107,0.0,98,7471,99.64,80.078
08/03/2020 00:00,3.18897,77.846,1.69044093164,0.0,98,7472,99.64,79.826
08/03/2020 00:15,3.66141,77.72,1.69433780045,0.0,93,7337,99.64,80.492
08/03/2020 00:30,3.38582,77.72,1.69824365246,0.0,97,7428,99.64,80.474
08/03/2020 00:45,3.42519,77.72,1.70215850839,0.0,97,7435,99.62,80.168
08/03/2020 01:00,3.1496,77.72,1.70215850839,0.0,97,7436,99.62,80.006
08/03/2020 01:15,2.91338,77.72,1.70215850839,0.0,97,7436,99.61,79.826
08/03/2020 01:30,2.79527,77.72,1.70215850839,0.0,97,7439,99.59,79.736
08/03/2020 01:45,3.03149,77.702,1.68655302539,0.0,97,7439,99.57,79.592
08/03/2020 02:00,3.34645,77.378,1.58489319246,0.0,97,7443,99.56,79.412
08/03/2020 02:15,3.18897,77.216,1.59955802861,0.0,97,7444,99.56,79.304
08/03/2020 02:30,3.07086,77.18,1.59587914724,0.0,97,7440,99.55,79.196
08/03/2020 02:45,2.95275,77.036,1.59220872705,0.0,97,7441,99.53,79.034
08/03/2020 03:00,2.87401,77.0,1.5885467486,0.0,97,7442,99.53,78.908
08/03/2020 03:15,2.83464,76.964,1.5885467486,0.0,97,7444,99.52,78.836
08/03/2020 03:30,2.79527,76.82,1.5885467486,0.0,97,7444,99.51,78.764
08/03/2020 03:45,2.71653,76.784,1.58489319246,0.0,97,7445,99.51,78.674
08/03/2020 04:00,2.7559,76.64,1.58489319246,0.0,97,7444,99.51,78.458
08/03/2020 04:15,2.71653,76.532,1.58124803927,0.0,97,7443,99.51,78.368
08/03/2020 04:30,2.71653,76.46,1.5776112697,0.0,97,7445,99.52,78.368
08/03/2020 04:45,2.71653,76.37,1.5776112697,0.0,97,7445,99.52,78.422
08/03/2020 05:00,2.7559,76.28,1.58124803927,0.0,97,7446,99.53,78.458
